1;101469609RR0001;FONDATION DE L'INSTITUT UNIVERSITAIRE EN SANTÉ MENTALE DOUGLAS / DOUGLAS MENTAL HEALTH UNIVERSITY INSTITUTE FOUNDATION
2;101835007RR0001;FONDATION UNIVERSITAIRE ARMAND-FRAPPIER DE L'INRS
3;101835031RR0001;LA FONDATION DES RÉSIDENTS DES CENTRES D'HÉBERGEMENT ET DE SOINS DE LONGUE DURÉE DE MON QUARTIER
4;101835148RR0001;FONDATION CENTRE DE SANTÉ SAINTE-FAMILLE INC.
5;101835155RR0001;FONDATION INSTITUT DE GÉRIATRIE DE MONTRÉAL
6;101835163RR0001;FONDATION POUR LA SANTÉ DU NORD DE LANAUDIÈRE
7;101835171RR0001;LA FONDATION DU CENTRE HOSPITALIER ST-JOSEPH DE LA MALBAIE INC.
8;101835395RR0001;FONDATION DE LA PSYCHIATRIE DE LA REGION DE VALLEYFIELD
9;101835445RR0001;FONDATION DE L'HÔPITAL ST-EUSTACHE
10;101835460RR0001;FONDATION DU CENTRE HOSPITALIER DE GASPÉ
11;101835502RR0001;FONDATION DE POLYTECHNIQUE
12;101835536RR0001;LA FONDATION DES AMIS DE L'INSTITUT CATHOLIQUE DE MONTRÉAL
13;101835544RR0001;FONDATION DU MUSÉE D'ART CONTEMPORAIN DE MONTRÉAL
14;101835643RR0001;FONDATION DES PARAPLEGIQUES DU QUEBEC/QUEBEC PARAPLEGIC FOUNDATION
15;101835718RR0001;Fondation du Centre de Santé et de Services Sociaux du Granit
16;101835767RR0001;FONDATION DES C.H.S.L.D. DE LA RIVIÈRE DU NORD
17;101836054RR0001;FONDATION HOSPITALIÈRE D'AMOS INC.
18;101836179RR0001;Fonds d'entraide pour les dépendances
19;101836526RR0001;FONDATION PHILIPPE CHABOT INC.
20;101836583RR0001;FONDATION POUR LES DEFICIENTS MENTAUX (QUÉBEC) INC. FOUNDATION FOR THE MENTALLY RETARDED (QUÉBEC) INC.
21;101836633RR0001;Le Support - Fondation de la déficience intellectuelle
22;101836773RR0001;LA FONDATION RESSOURCES-JEUNESSE
23;101836823RR0001;Fondation du Centre de réadaptation en dépendance de Montréal (Fondation CRDM) / Foundation for Montreal's addiction rehabilitation Center
24;101836880RR0001;Fondation nationale des scouts
25;101837318RR0001;FONDATION UNIVERSITE DU QUEBEC
26;101837342RR0001;FONDATION DU CONSERVATOIRE DE MUSIQUE ET D'ART DRAMATIQUE DUQUÉBEC
27;101837367RR0001;FONDATION YVON LAMARRE
28;101837847RR0001;FONDS DE DOTATION DE L'HÔPITAL D'ARGENTEUIL INC.
29;101857217RR0001;FONDATION B.R. INC./B.R. FOUNDATION INC.
30;102540473RR0001;ISRAEL CANCER RESEARCH FUND-FONDATION D'ISRAEL POUR LA RECHERCHE SUR LE CANCER
31;102728177RR0001;J.R.H. FOUNDATION - FONDATION J.R.H.
32;102918547RR0001;LA CHAPELLE DE LA SAINTE-CROIX
33;102919206RR0001;FONDATION ED MCFAUL ED MCFAUL FOUNDATION
34;102933827RR0001;FONDATION CITÉ DE LA SANTÉ
35;102933868RR0001;LA FONDATION DES POLICIERS MUNICIPAUX DE QUÉBEC
36;102933900RR0001;LA FONDATION DE L'ECOLE BETH JACOB
37;102933918RR0001;LA FONDATION DE L'ECOLE DE FORMATION HEBRAIQUE
38;102933959RR0001;LA FONDATION DES AMIS DE NOTRE-DAME DE SION
39;102934130RR0001;LA FONDATION BOULANGER - BEDARD INC.
40;102934205RR0001;LA FONDATION MAXIMOS V INC. 1986
41;102934213RR0001;LA FONDATION MGR JEAN-MARIE FORTIER INC.
42;103033015RR0001;LE FONDS D'EXCELLENCE MASSEY-VANIER (DAVIGNON) INC.
43;103372504RR0001;L'OEUVRE DES SAINTS-APOTRES
44;103402186RR0001;LOYOLA HIGH SCHOOL FOUNDATION/LA FONDATION ECOLE SECONDAIRE LOYOLA
45;103436564RR0001;MACKAY PROJECTS INC.-LES PROJETS MACKAY INC.
46;103464459RR0001;FONDATION MAGOR INC. / MAGOR FOUNDATION INC.
47;104872304RR0001;THE SIR MORTIMER B. DAVIS JEWISH GENERAL HOSPITAL FOUNDATION / FONDATION DE L'HOPITAL GENERAL JUIF SIR MORTIMER DAVIS
48;105202501RR0001;The Cedars Cancer Institute at the McGill University Health Centre / L'Institut des çèdres contre le cancer au centre universitaire de santé McGill
49;105225718RR0001;THE LUCAS FOUNDATION - LA FONDATION LUCAS
50;105252845RR0001;The Study School Foundation
51;106702251RR0001;FEDERATION CJA
52;106885254RR0001;CENTRAIDE LANAUDIERE
53;106885270RR0001;CENTRAIDE LAURENTIDES
54;106885288RR0001;CENTRAIDE KRTB-CÔTE-DU-SUD
55;106885312RR0001;CENTRAIDE SAGUENAY LAC ST-JEAN INC.
56;106885338RR0001;CENTRAIDE SUD-OUEST DU QUEBEC
57;106955933RR0001;ASSOCIATION DES BENEVOLES DU MUSEE DES BEAUX-ARTS DE MONTREAL/VOLUNTEER ASSOCIATION OF THE MONTREAL MUSEUM OF FINE ARTS
58;107391427RR0001;FONDATION ASSELIN DU CÉGEP DE JONQUIÈRE INC.
59;107391518RR0001;FONDATION DE BÉCANCOUR-NICOLET-YAMASKA SANTÉ-SERVICES SOCIAUX
60;107391542RR0001;LA FONDATION COMMUNAUTAIRE CANADIENNE-ITALIENNE DU QUEBEC INC./CANADIAN-ITALIAN COMMUNITY FOUNDATION OF QUEBEC INC.
61;107391666RR0001;FONDATION DU CÉGEP DE THETFORD
62;107391674RR0001;FONDATION DU FOYER DORVAL
63;107391757RR0001;FONDATION DE L'HÔPITAL MAISONNEUVE-ROSEMONT
64;107391807RR0001;FONDATION JEUNESSES MUSICALES DU CANADA YOUTH AND MUSIC CANADA FOUNDATION
65;107391864RR0001;FONDATION DU CENTRE DE CONSERVATION DE LA BIODIVERSITÉ BORÉALE (CCBB)
66;107392037RR0001;FONDATION SANTA CABRINI
67;107414476RR0001;CENTRE DE LA PETITE ENFANCE DULUTH INC.
68;107588352RR0001;LA FONDATION BERTHIAUME DU TREMBLAY
69;107588386RR0001;FONDATION COLLÈGE DE LÉVIS
70;107588477RR0001;Fondation santé Gatineau
71;107613978RR0001;FONDATION LE RENFORT
72;108192105RR0001;LA BIBLIOTHEQUE PUBLIQUE DE WATERLOO
73;118778760RR0001;AGUDATH ACHIM CONGREGATION
74;118792159RR0001;ASSOCIATION BENEVOLE AMITIE INC. / FRIENSHIP VOLUNTEER ASSOCIATION INC.
75;118796960RR0001;AUXILIAIRE DU CENTRE HOSPITALIER GERIATRIQUE MAIMONIDES AUXILIARY MAIMONIDES HOSPITAL GERIATIC CENTRE
76;118798289RR0001;BAIE D'URFE CHARITABLE CAMPAIGNS AGENCY, INC.
77;118807932RR0001;BIBLIOTHEQUE PUBLIQUE DE LA MALBAIE INC.
78;118810787RR0001;BISHOP'S UNIVERSITY FOUNDATION
79;118829050RR0001;CANADIAN IRISH STUDIES FOUNDATION - FONDATION CANADIENNE D'ETUDES IRLANDAISES
80;118830454RR0001;CANADIAN COUNCIL FOR ISRAEL
81;118834480RR0001;CANADIAN MINING AND METALLURGICAL FOUNDATION
82;118834993RR0001;CANADIAN PACIFIC LIMITED EMPLOYEE CHARITIES DONATION FUND
83;118835271RR0001;CANADIAN POLISH WELFARE FEDERATION INC. FÉDÉRATION CANADIENNE POLONAISE DU BIEN-ÊTRE INC.
84;118841915RR0001;CEDARS HOME FOR ELDERLY PEOPLE FOUNDATION
85;118842400RR0001;CENTRAIDE BAS ST-LAURENT
86;118842426RR0001;CENTRAIDE CENTRE-DU-QUEBEC INC.
87;118842459RR0001;CENTRAIDE OUTAOUAIS
88;118842467RR0001;CENTRAIDE ESTRIE (CONSEIL RÉGIONAL DE BIEN-ÊTRE DE SHERBROOKE)
89;118842509RR0001;CENTRAIDE MAURICIE
90;118842517RR0001;CENTRAIDE DU GRAND MONTREAL CENTRAIDE OF GREATER MONTREAL
91;118847474RR0001;CENTRE DE SANTE ET DE SERVICES SOCIAUX DES SOMMETS
92;118850114RR0001;CHARITIES OF THE AYLMER CIVITAN
93;118866383RR0001;CN EMPLOYEES' AND PENSIONERS' COMMUNITY FUND
94;118868801RR0001;COMITE AU CANADA DE LA MAISON DES ETUDIANTS CANADIENS A PARIS
95;118876622RR0001;CORPORATION DES LOISIRS DE STE-MARIE INC
96;118876788RR0001;CORPORATION DU MOULIN LEGARE INC.
97;118899491RR0001;EMMAUS CANADIEN DE MONTREAL
98;118899657RR0001;FONDS POUR LES DONS CHARITABLES PAR LES EMPLOYES DE STADACONA INC.
99;118915180RR0001;FIDUCIAIRES DU FONDS DE CHARITE DU CLUB 2N
100;118915289RR0001;FIDUCIE DES OEUVRES DE CHARITE DU CLUB RICHELIEU-QUEBEC
101;118920420RR0001;FONDATION ABBE VIANNEY SAVARIA
102;118920479RR0001;FONDATION ALBERT LAPOINTE INC.
103;118920487RR0001;FONDATION ALINE LETENDRE
104;118920610RR0001;FONDATION ATHLETAS INC.
105;118920719RR0001;LA FONDATION DE LA CORPORATION DES CONCESSIONNAIRES D'AUTOMOBILES DE MONTREAL INC.
106;118920909RR0001;FONDATION CENTRAIDE DU GRAND MONTRÉAL
107;118920933RR0001;FONDATION REGIONALE POUR LA SANTÉ DE TROIS-RIVIÈRES (RSTR)
108;118920958RR0001;Fondation Groupe Champlain
109;118921048RR0001;FONDATION CLAUDE BRUNET FOUNDATION
110;118921089RR0001;FONDATION DU CENTRE DE RÉADAPTATION INTERVAL
111;118921113RR0001;FONDATION COLLÈGE DE MONTRÉAL
112;118921121RR0001;FONDATION COLLEGE MARIE-DE-L'INCARNATION DE TROIS-RIVIERES
113;118921139RR0001;FONDATION COLLEGE MARIE VICTORIN
114;118921162RR0001;FONDATION DU CENTRE DE SANTÉ ET DE SERVICES SOCIAUX DE MASKINONGÉ
115;118921204RR0001;FONDATION CYPIHOT-OUELLETTE
116;118921287RR0001;FONDATION DE LA CATHEDRALE DE CHICOUTIMI INC.
117;118921345RR0001;FONDATION DU COLLÈGE REGINA ASSUMPTA
118;118921386RR0001;LA FONDATION DE LA SOCIETE VIE INTEGRATION APPRENTISSAGE POUR HANDICAPES V.I.A. INC.
119;118921410RR0001;FONDATION DE LAUBERIVIERE
120;118921444RR0001;FONDATION DE L'ECOLE MAIMONIDE
121;118921493RR0001;FONDATION DE L'HÔPITAL CHINOIS DE MONTRÉAL (1972)
122;118921535RR0001;FONDATION DE L'HOPITAL DE MATANE INC.
123;118921543RR0001;LA FONDATION DE L'HOPITAL DE MONTREAL POUR ENFANTS/THE MONTREAL CHILDREN'S HOSPITAL FOUNDATION
124;118921550RR0001;FONDATION DE L'HOPITAL DE NOTRE-DAME-DE-FATIMA INC.
125;118921584RR0001;FONDATION DE L'HÔPITAL DU SACRÉ-COEUR DE MONTRÉAL / MONTRÉAL SACRÉ-COEUR HOSPITAL FOUNDATION
126;118921634RR0001;FONDATION DE L'HOPITAL LASALLE
127;118921659RR0001;FONDATION DE L'HÔPITAL ROYAL VICTORIA/ROYAL VICTORIA HOSPITAL FOUNDATION
128;118921667RR0001;FONDATION CHU SAINTE-JUSTINE / SAINTE-JUSTINE UHC FOUNDATION
129;118921691RR0001;FONDATION DE L'HÔTEL-DIEU D'ALMA INC.
130;118921717RR0001;FONDATION DE L'HÔTEL-DIEU DE MONTMAGNY
131;118921725RR0001;FONDATION DU CENTRE DE SANTÉ ET DE SERVICES SOCIAUX DOMAINE-DU-ROY
132;118921758RR0001;FONDATION ÉQUILIBRE SAGUENAY-LAC-ST-JEAN
133;118921808RR0001;FONDATION DE L'UNIVERSITE DU QUÉBEC A MONTRÉAL
134;118921816RR0001;FONDATION DE L'UNIVERSITÉ DU QUÉBEC EN OUTAOUAIS
135;118921824RR0001;FONDATION DE L'UNIVERSITÉ DU QUÉBEC EN ABITIBI-TÉMISCAMINGUE INC.
136;118921873RR0001;FONDATION DE RECHERCHE EN ADMINISTRATION DE L UNIVERSITE DE SHERBROOKE F.R.A.U.S.
137;118921915RR0001;FONDATION DES AMIS DE JACQUES CARTIER
138;118922046RR0001;FONDATION DES BENEFICIAIRES DES CHSLD DU BAS-RICHELIEU
139;118922103RR0001;FONDATION GRACE DART/GRACE DART FOUNDATION
140;118922111RR0001;FONDATION DES GENS DES CANTONS DE L'EST POUR LA RECHERCHE ET LA CULTURE/TOWNSHIPPERS RESEARCH AND CULTURAL FOUNDATION
141;118922160RR0001;FONDATION DES PETITS FRÈRES DES PAUVRES
142;118922194RR0001;FONDATION DIOCESAINE IGNACE BOURGET (MONTRÉAL)
143;118922236RR0001;Fondation de la Société de soins palliatifs à domicile/ Palliative Home-Care Society Foundation
144;118922277RR0001;FONDATION DRAPEAU ET DESCHAMBAULT
145;118922293RR0001;LA FONDATION DU CÉGEP DE SAINTE-FOY
146;118922376RR0001;FONDATION DU CENTRE DE REFERENCE DU GRAND MONTREAL/INFORMATION AND REFERRAL CENTRE OF GREATER MONTREAL FOUNDATION
147;118922418RR0001;FONDATION DU CENTRE HOSPITALIER DE GRANBY INC.
148;118922434RR0001;FONDATION DU CENTRE DE SANTÉ ET DE SERVICES SOCIAUX D'AHUNTSIC ET MONTREAL-NORD
149;118922442RR0001;FONDATION CENTRE HOSPITALIER BEAUCE-ETCHEMIN
150;118922475RR0001;FONDATION DU CENTRE PSYCHO-PEDAGOGIQUE DE QUEBEC INC.
151;118922566RR0001;FONDATION DU COLLEGE UNIVERSITAIRE DOMINICAIN DOMINICAN UNIVERSITY COLLEGE FOUNDATION
152;118922574RR0001;FONDATION DU FOYER DE CHARITÉ
153;118922616RR0001;FONDATION DU GRAND SÉMINAIRE DE MONTRÉAL/FOUNDATION OF THE GRAND SEMINARY OF MONTREAL
154;118922640RR0001;MAIMONIDES HOSPITAL FOUNDATION
155;118922673RR0001;FONDATION DU MUSÉE LOUIS-HÉMON
156;118922830RR0001;FONDATION EMILIE JAURON
157;118922889RR0001;Fondation E.P.I.C.
158;118922939RR0001;FONDATION FÉLIX GOYER
159;118923002RR0001;FONDATION FRÈRE THÉODE INC.
160;118923069RR0001;FONDATION GÉRARD BOSSÉ
161;118923119RR0001;FONDATION G.M.R.
162;118923143RR0001;Fondation de l'institut universitaire en santé mentale de Montréal
163;118923226RR0001;FONDATION HERMAS INC.
164;118923234RR0001;Fondation du CHU de Québec
165;118923242RR0001;FONDATION DE L'INSTITUT UNIVERSITAIRE DE CARDIOLOGIE ET DE PNEUMOLOGIE DE QUÉBEC
166;118923259RR0001;FONDATION DU CENTRE DE SANTÉ ET DE SERVICES SOCIAUX DU HAUT-SAINT-MAURICE INC.
167;118923291RR0001;FONDATION DU CENTRE HOSPITALIER DE VERDUN
168;118923317RR0001;FONDATION HÔTEL-DIEU DE LÉVIS
169;118923333RR0001;FONDATION HOTEL-DIEU DE SOREL
170;118923374RR0001;FONDATION INTERNATIONALE RONCALLI / RONCALLI INTERNATIONAL FOUNDATION
171;118923523RR0001;FONDATION JEAN-MARIE POITRAS
172;118923531RR0001;FONDATION JEANNE-CREVIER INC.
173;118923689RR0001;FONDATION JULES ET PAUL-EMILE LEGER/JULES AND PAUL-EMILE LEGER FOUNDATION
174;118923788RR0001;FONDATION LE BOUCLIER
175;118923812RR0001;FONDATION LE COLLÈGE SAINT-CHARLES-GARNIER DE QUÉBEC
176;118924026RR0001;FONDATION PATRO LE PREVOST INC.
177;118924091RR0001;FONDATION MARIE-VINCENT
178;118924158RR0001;FONDATION HEC MONTRÉAL
179;118924190RR0001;FONDATION MGR. HENRI BELLEAU / MGR. HENRI BELLEAU FOUNDATION
180;118924224RR0001;FONDATION VITAE - VITAE FOUNDATION
181;118924406RR0001;FONDATION PARTAGE CHRÉTIEN
182;118924448RR0001;LA FONDATION PAUL GERIN-LAJOIE POUR LA COOPERATION INTERNATIONALE / THE PAUL GERIN-LAJOIE FOUNDATION FOR INTERNATIONAL CO-OPERATION
183;118924497RR0001;Fondation Père Raymond-Bernier, s. v.
184;118924711RR0001;FONDATION POUR LES AÎNÉS DE L'OUTAOUAIS
185;118924802RR0001;FONDATION QUÉBÉCOISE POUR LA PROTECTION DU PATRIMOINE NATUREL
186;118924844RR0001;FONDATION DES CAMPS ODYSSEE INC.
187;118924885RR0001;FONDATION RENE PAGEAU INC.
188;118924927RR0001;FONDATION RICHELIEU MONTREAL
189;118924935RR0001;FONDATION RICHELIEU QUÉBEC
190;118924943RR0001;FONDATION RICHELIEU CENTRE MAURICIE
191;118924976RR0001;FONDATION ROBERT CLICHE POUR LA CONSERVATION DU PATRIMOINE DES BEAUCERONS
192;118925007RR0001;FONDATION ROMEO VACHON
193;118925098RR0001;FONDATION DU CENTRE HOSPITALIER DE VAL D'OR INC.
194;118925205RR0001;FONDATION DU MUSEE DES BEAUX-ARTS DE SHERBROOKE INC.
195;118925247RR0001;Fondation Sainte-Croix / Heriot
196;118925254RR0001;FONDATION ST-FRANCOIS
197;118925262RR0001;FONDATION ST-GEORGES
198;118925296RR0001;FONDATION TAYLOR-BIRKS INC./TAYLOR-BIRKS FOUNDATION INC.
199;118925494RR0001;FONDATION YVAN L BOUSQUET
200;118925916RR0001;FONDS DE CHARITE DU CLUB KIWANIS DE QUEBEC
201;118925981RR0001;FONDS DE DOTATION DU CENTRE HOSPITALIER JONQUIERE INC.
202;118926369RR0001;FONDS DE SOLIDARITE DES GROUPES POPULAIRES DU QUEBEC METROPOLITAIN
203;118926559RR0001;FONDS HERITAGE DE ST-PHILIPPE D'ARGENTEUIL INC.
204;118926617RR0001;FONDATION SCOUTE LA CORDEE
205;118929041RR0001;FONDATION DE L'INSTITUT DE RECHERCHES CLINIQUES DE MONTREAL
206;118929306RR0001;LA FONDATION DES SERVICES COMMUNAUTAIRES CATHOLIQUES INC./ FOUNDATION OF CATHOLIC COMMUNITY SERVICES INC.
207;118933076RR0001;FRIENDS OF THE GERMAN SCHOOL ALEXANDER VON HUMBOLDT INC./LES AMIS DE L'ECOLE ALLEMANCE ALEXANDER VON HUMBOLDT INC.
208;118936558RR0001;THE GAZETTE CHRISTMAS FUND/ FONDS DE NOEL DE LA GAZETTE
209;118945104RR0001;GRAMI INC.
210;118965441RR0001;HUNTINGDON COUNTY HOSPITAL FOUNDATION
211;118974179RR0001;JEWISH COMMUNITY FOUNDATION OF MONTREAL/LA FOUNDATION COMMUNAUTAIRE JUIVE DE MONTREAL
212;118974195RR0001;JEWISH CULTURAL ASSOCIATION OF MONTREAL ASSOCIATION CULTURELLE JUIVE DE MONTREAL
213;118974823RR0001;JOHN BAKER FELLOWES FAMILY FOUNDATION
214;118988310RR0001;LA FONDATION COMMUNAUTAIRE DE LACHINE/THE LACHINE COMMUNITY FOUNDATION
215;119000248RR0001;LA FONDATION CARITAS-SHERBROOKE INC.
216;119000255RR0001;LA FONDATION CENTENNALE-THE CENTENNIAL FOUNDATION
217;119000321RR0001;LA FONDATION D'AIDE AUX PARENTS D'ENFANTS HANDICAPES (F.A.P.E.H.) INC.
218;119000503RR0001;FONDATION - ACTION SANTE DE LA MATAPEDIA
219;119000529RR0001;Fondation de l'Hôpital de Memphrémagog/Memphremagog HospitalFoundation
220;119000537RR0001;LA FONDATION DE L'UNIVERSITE LAVAL
221;119000735RR0001;FONDATION DIOCESAINE L'ASSOMPTION (MONTRÉAL)
222;119000842RR0001;LA FONDATION DU CENTRE DE SANTÉ ET SERVICES SOCIAUX DE L'ÉNERGIE
223;119000867RR0001;LA FONDATION DU CENTRE DE SANTÉ DE LA MRC-DE-COATICOOK INC.
224;119000958RR0001;LA FONDATION DU LAC POUCE INC.
225;119000966RR0001;LA FONDATION DU MONT NOTRE-DAME DE SHERBROOKE INC.
226;119000974RR0001;LA FONDATION DE L'HÔPITAL GÉNÉRAL DE MONTRÉAL - THE MONTREAL GENERAL HOSPITAL FOUNDATION
227;119001006RR0001;LA FONDATION DU PENSIONNAT DU SAINT NOM DE MARIE
228;119001055RR0001;LA FONDATION DU THÉÂTRE DU TRIDENT INC.
229;119001162RR0001;LA FONDATION GUADELOUPPE INC.
230;119001220RR0001;LA FONDATION JEAN DUCEPPE
231;119001394RR0001;LA FONDATION MAURICE PROULX INC.
232;119001428RR0001;LA FONDATION MGR GERARD-MARIE CODERRE
233;119001444RR0001;FONDS DE DEVELOPPEMENT VANGUARD/VANGUARD DEVELOPMENT FUND
234;119001451RR0001;LA FONDATION PATRO DE JONQUIERE INC.
235;119001477RR0001;FONDATION DE L'HÔPITAL DE LACHINE / LACHINE HOSPITAL FOUNDATION
236;119001576RR0001;LA FONDATION DE MA VIE
237;119001725RR0002;FONDATION DE L'UNIVERSITÉ DU QUÉBEC À TROIS-RIVIÈRES
238;119001790RR0001;Fondation des YMCA du Québec / YMCAS of Québec Foundation
239;119001808RR0001;LA FONDATION E.C.S. ECS FOUNDATION INC.
240;119007789RR0001;LA SOCIETE DUVETNOR LTEE.
241;119007888RR0001;SOCIÉTÉ D'HISTOIRE ET DE GÉNÉALOGIE DES HAUTES-LAURENTIDES
242;119009207RR0001;L'ATELIER D'ARTISANAT CENTRE-VILLE INC./THE CENTER CITY CRAFT SHOP INC.
243;119014157RR0001;LES AMIS DE L'ABBÉ RÉNE TANGUAY
244;119014397RR0001;LES AMIS DU MUSEE FRANCOIS-PILOTE INC.
245;119014819RR0001;L'ESCALE DE L'ESTRIE INC.
246;119017002RR0001;LES PARTENAIRES DU CARDINAL / THE CARDINAL'S PARTNERS
247;119018281RR0001;FONDATION CONSTANCE LETHBRIDGE/CONSTANCE LETHBRIDGE FOUNDATION
248;119058386RR0001;NOEL DU PARTAGE, INC.
249;119065241RR0001;L'OEUVRE DU FRERE ANDRE-BROTHER ANDRE FOUNDATION
250;119093706RR0001;PINE HILL CEMETERY ASSOCIATION
251;119105419RR0001;LE FONDS DE DEVELOPPEMENT DU CENTRE FRANCOIS-MICHELLE
252;119113348RR0001;RED & WHITE EDUCATIONAL FOUNDATION / LA FONDATION COLLEGIALE ROUGE ET BLANC
253;119114783RR0003;FONDATION DE L'INSTITUT DE RÉADAPTATION GINGRAS-LINDSAY -DE-MONTRÉAL
254;119125052RR0001;CLUB ROTARY DE MONTREAL FONDS DE BIENFAISANCE / ROTARY CLUB OF MONTREAL WELFARE FUND
255;119128924RR0001;LA FONDATION DE L'INSTITUT THORACIQUE DE MONTRÉAL - THE MONTRÉAL CHEST INSTITUTE FOUNDATION
256;119144186RR0001;SECOURS AUX AINES/ELDERAID
257;119144855RR0001;SEMINAIRE DE SAINT-JEAN
258;119148575RR0001;LES DAMES AUXILIAIRES DU PAVILLON ARGYLL PAVILION LADIES AU XILIARY
259;119153021RR0001;LES AMIS DU JARDIN BOTANIQUE DE MONTREAL
260;119153229RR0001;SOCIÉTÉ DE RECHERCHE SUR LE CANCER / CANCER RESEARCH SOCIETY
261;119159648RR0001;THE SPIRITUAL ASSEMBLY OF THE BAHA'IS OF TOWN OF MOUNT ROYAL
262;119189108RR0001;FONDATION DE L'HOPITAL ST. MARY'S / ST. MARY'S HOSPITAL FOU NDATION
263;119228989RR0001;THE CRB FOUNDATION-LA FOUNDATION CRB
264;119229797RR0001;THE DIABETIC CHILDREN'S FOUNDATION-LA FONDATION POUR ENFANT DIABETIQUES
265;119230860RR0001;GIANT STEPS FOUNDATION-MONTREAL / LA FONDATION A PAS DE GEANT- MONTREAL
266;119231132RR0001;THE EDUCATIONAL FOUNDATION OF THE CANADIAN SOCIETY OF PLASTIC SURGEONS INC
267;119239184RR0001;THE JEAN BELIVEAU FOUNDATION-LA FONDATION JEAN BELIVEAU
268;119243533RR0001;THE MACKAY CENTRE FOUNDATION-LA FONDATION DU CENTRE MACKAY
269;119268233RR0001;TRAFALGAR ROSS FOUNDATION/FONDATION TRAFALGAR ROSS
270;119288918RR1389;CONGREGATION DES TEMOINS DE JEHOVAH DE SHERBROOKE-HISPANA (QUEBEC)
271;119772440RR0001;THE VERITAS FUND - LE FOND VERITAS
272;120507439RR0001;ALLIANCE SYNDICATS ET TIERS-MONDE
273;120510904RR0001;FONDATION CENTRE DE SANTÉ ET DE SERVICES SOCIAUX JEANNE-MAN CE
274;120515002RR0001;LA FONDATION FRANCOIS-BOURRIN INC
275;120524533RR0001;LA FONDATION DU COLLÈGE LAFLÈCHE INC.
276;120588611RR0001;FONDATION CATHERINE DE LONGPRE
277;120590195RR0001;FONDATION DE LA JOC
278;120592803RR0001;FONDATION DU CLSC DES MILLE-ILES / CHSLD LAVAL
279;120598339RR0001;FONDATION RICHARD ADAMS INC.
280;120785951RR0001;FONDATION JEUNESSE ROLAND GAUVREAU DE LANAUDIERE
281;120794813RR0001;FONDATION MAISON L'ALCÔVE
282;120815196RR0001;FONDATION CAMPUS NOTRE-DAME-DE-FOY
283;120817564RR0001;FONDATION DES ORGANISMES COMMUNAUTAIRES DE LA RÉGION DE L'AMIANTE
284;120839022RR0001;FONDATION DU CEGEP DE LA POCATIÈRE
285;120855051RR0001;FONDATION DU CENTRE DE SANTÉ DE LA HAUTE-SAINT-CHARLES
286;120862792RR0001;THE BECKET PLAYERS FOUNDATION
287;121028526RR0001;LES AUXILIAIRES DE L'HOPITAL BROME-MISSISQUOI-PERKINS INC
288;121034839RR0001;FONDATION SAINT-PAUL DE VARENNES
289;122127061RR0001;FONDATION ALBATROS INC
290;123345969RR0001;FONDATION GRACIA
291;123376501RR0001;LES AMIS DES PLAINES D'ABRAHAM INC/FRIENDS OF THE PLAINS OF ABRAHAM INC
292;123672735RR0001;Fondation de l'Ordre des infirmières et infirmiers du Québec
293;123920563RR0001;FONDATION DE L'HOPITAL JEAN-TALON
294;124035643RR0001;CANADIAN FRIENDS OF TEL AVIV UNIVERSITY INC.- LES AMIS CANADIENS DE L'UNIVERSITE DE TEL AVIV, INC.
295;124472150RR0001;FONDATION MARIE-JEUNESSE INC.
296;124711755RR0001;FONDATION LOUIS-PHILIPPE JANVIER
297;124782152RR0001;B'NAI B'RITH FOUNDATION OF MOUNT ROYAL LODGE
298;124792474RR0001;FRIENDS OF THE NEURO - LES AMIS DU NEURO
299;125104133RR0001;FONDATION SURDITÉ ET COMMUNICATION DE L'INSTITUT RAYMOND-DEWAR INSTITUT RAYMOND-DEWAR DEAFNESS AND COMMUNICATION FOUNDATION
300;125216408RR0001;FONDATION HOSPITALIÈRE DU CENTRE DE SANTÉ ET DE SERVICES SOCIAUX DE ROUYN-NORANDA
301;126300029RR0001;FONDATION DE L'OPÉRA DE QUÉBEC
302;126479674RR0001;B D H COMMUNITY FOUNDATION
303;126800432RR0001;FONDATION DU CENTRE DE SANTÉ VALLÉE-DE-LA-GATINEAU (CSVG)
304;127186690RR0001;OPERATION ENFANT SOLEIL
305;127231397RR0001;Fondation des Centres d'hébergement et CLSC de Beauce
306;127265122RR0001;FONDATION ANNA-LABERGE / ANNA-LABERGE FOUNDATION
307;127447498RR0001;COMITE DES OEUVRES CHARITABLES DU CONSEIL NOTRE-DAME DU CAP MADELEINE NO:2669
308;127609998RR0001;Fondation du Collège François-de-Laval
309;128135878RR0001;Fondation de l'ITA, campus de La Pocatière
310;128325891RR0001;FONDS HUMANITAIRE DE LA FRATERNITE DES POLICIERS ET POLICIERES DE MONTREAL
311;128626413RR0001;FONDATION HÔPITAL DE BAIE-SAINT-PAUL
312;129180378RR0001;FONDATION DE L'ORCHESTRE SYMPHONIQUE DE QUEBEC
313;129199659RR0001;FONDATION DES POMPIERS DU QUEBEC POUR LES GRANDS BRULES
314;129471546RR0001;CITADEL FOUNDATION / FONDATION CITADEL
315;129472296RR0001;LA FONDATION JEAN MARC PAQUETTE
316;129892675RR0001;ROASTERS FOUNDATION/FONDATION ROASTERS
317;130121932RR0001;Fondation de santé et de services sociaux Lévis-Lotbinière
318;130189509RR0001;FATHER DOWD FOUNDATION-LA FONDATION FATHER DOWD
319;130387277RR0001;CENTRAIDE DUPLESSIS INC
320;130514532RR0001;LA FONDATION DU CENTRE HOSPITALIER RÉGIONAL DE SEPT-ÎLES INC
321;130533680RR0001;FONDATION JEANNE-MANCE
322;130628936RR0001;CENTRAIDE RICHELIEU-YAMASKA INC
323;130650195RR0001;"ST PATRICK'S RESTORATION FOUNDATION/FONDATION DE RESTAURATION ""ST PATRICK'S"""
324;130918493RR0001;OEUVRE CHARITABLE DES CHEVALIERS DE COLOMB DU QUEBEC
325;130970932RR0001;"FONDATION ""POUR ENFANTS SEULEMENT""/""JUST FOR KIDS"" FOUNDATION"
326;131260127RR0001;FONDATION D'AIDE DIRECTE-SIDA MONTREAL
327;131347197RR0001;FONDATION SAINT-PATRICK DE MONTREAL/MONTREAL ST. PATRICK'S FOUNDATION
328;131441362RR0001;FONDATION VILLA-NOTRE-DAME-DE-GRACE
329;131475303RR0001;NOVA MONTREAL FOUNDATION - FONDATION NOVA MONTRÉAL
330;131482341RR0001;LA FONDATION TRAVAIL SANS FRONTIERES INC.
331;131714594RR0001;FONDATION PAUL GIROUX
332;131856973RR0001;COMITE ENTRAIDE - SECTEURS PUBLIC ET PARAPUBLIC
333;131900359RR0001;FONDATION PALMYRA INC
334;131903874RR0001;FONDATION CHARLES-BRUNEAU
335;131908741RR0001;CENTRE DE SANTE ET DE SERVICES SOCIAUX DE VAUDREUIL-SOULANGES
336;131910457RR0001;FONDATION BUTTERS-BUTTERS FOUNDATION
337;132004375RR0001;FONDATION ÉTOILES D'OR WARWICK
338;132004987RR0001;FONDATION DU DEVELOPPEMENT DURABLE INC
339;132021668RR0001;LAKESHORE GENERAL HOSPITAL FOUNDATION,
340;132097288RR0001;FONDATION DU CENTRE HOSPITALIER MONT-LAURIER
341;132141383RR0001;MAISON DES JEUNES DE CONTRECOEUR INC
342;132154899RR0001;FONDATION DE L'UNIVERSITÉ DU QUÉBEC À RIMOUSKI INC.
343;132174129RR0001;MONTREAL ASSOCIATION FOR THE BLIND FOUNDATION/ASSOCIATION MONTREALAISE POUR LES AVEUGLES FONDATION
344;132226432RR0001;FONDATION DU CENTRE HOSPITALIER PIERRE-JANET
345;132269655RR0001;FONDATION DES AVEUGLES DU QUÉBEC (F.A.Q.)/ QUEBEC FOUNDATION FOR THE BLIND (Q.F.B.)
346;132286808RR0001;CENTRAIDE QUÉBEC ET CHAUDIÈRE-APPALACHES
347;132389537RR0001;FABRIQUE DE LA PAROISSE DE NOTRE DAME DE LA CONSOLATA ARCHIDIOCESE DE MONTREAL
348;132465824RR0001;FONDATION COLLÈGE-ANDRÉ-GRASSET
349;132589433RR0001;FONDATION DES AMIS DU SÉMINAIRE DE TROIS-RIVIÈRES
350;132637000RR0001;FONDATION DU CSSS DES SOURCES
351;132644006RR0001;FONDATION COMMUNAUTAIRE DU GRAND QUÉBEC
352;132698879RR0001;PrésÂges
353;132710666RR0001;FONDATION DU RESEAU DE SANTE ET DE SERVICES SOCIAUX DES BASQUES
354;132867078RR0001;FONDATION HOTEL DIEU DE ST-JEROME INC
355;132927757RR0001;FONDATION DE L'HÔPITAL DU SUROÎT
356;133327445RR0001;FONDATION DU CENTRE RÉGIONALE DE SANTÉ ET DE SERVICES SOCIAUX RIMOUSKI INC.
357;133604348RR0001;LA FONDATION DE L'INSTITUT MARITIME DU QUEBEC INC QUEBEC MARITIME INSTITUTE FOUNDATION INC
358;133661637RR0001;Fondation hôpital Pierre-Boucher
359;133800540RR0001;FONDATION DU COLLÈGE AHUNTSIC
360;133840629RR0001;THE JEFFERY HALE FOUNDATION - LA FONDATION JEFFERY HALE
361;134154095RR0001;FONDATION RÉSIDENCE DENIS-MARCOTTE
362;134269539RR0001;FONDATION CÉGEP DE SHERBROOKE
363;134620012RR0001;LA FONDATION POUR LA CREATION DU CENTRE HELLENIQUE HOSPITALIER DE SOINS PROLONGES/THE FOUNDATION FOR THE CREATION OF THEHELLENIC CHRONIC CARE HOSPITAL
364;134963933RR0001;LA FONDATION DU CÉGEP DU VIEUX MONTRÉAL
365;135098804RR0001;FONDATION CHARLEROI
366;135308021RR0001;LES AUXILIAIRES BENEVOLES DE L'HOPITAL D'ARGENTEUIL/THE AUXILIARY OF L'HOPITAL D'ARGENTEUIL
367;135671337RR0001;LA FONDATION HEBERGEMENT ST-AUGUSTIN
368;135943397RR0001;Fondation prévention suicide les Deux Rives
369;136305331RR0001;LA FONDATION DU CENTRE DE SANTÉ DES NORD-CÔTIERS
370;136358397RR0001;THE MCCORD MUSEUM FOUNDATION/ LA FONDATION DU MUSÉE MCCORD
371;136480175RR0001;FONDATION DE SANTÉ DES COLLINES/ DES COLLINES HEALTH FOUNDATION
372;136598208RR0001;FONDATION LES AMIS DE LA C.A.S.A.
373;136712114RR0001;FONDATION CANADIENNE DE LA VIDÉO RELIGIEUSE
374;136913936RR0001;HADASSAH-WIZO CANADA FOUNDATION
375;136980604RR0001;FONDATION DE L'HOPITAL COMMUNAUTAIRE DU PONTIAC INC./THE PONTIAC COMMUNITY HOSPITAL FOUNDATION INC.
376;137003927RR0001;LA FONDATION DU PATRIMOINE JEAN-DE-BREBEUF
377;137122164RR0001;FONDATION KERANNA INC
378;137144887RR0001;LES AMIS DE L'ECOLE DE WATERVILLE INC.
379;137493987RR0001;ENTRAIDE DIABETIQUE DU QUEBEC INC
380;138083837RR0001;FONDATION POUR LA FORMATION PROFESSIONNELLE EN TRANSPORT ROUTIER DES MARCHANDISES DU QUÉBEC
381;138127105RR0001;LA FONDATION DU SANCTUAIRE MARIE-REINE-DES-COEURS DE MONTREAL
382;138386099RR0001;FONDATION DU COLLEGE BEAUBOIS
383;138416268RR0001;FONDATION DU MUSÉE DES BEAUX-ARTS DE MONTRÉAL
384;138647003RR0001;Fondation Bon Départ de Canadian Tire du Québec inc.
385;138697057RR0001;FONDATION RICHELIEU DE JOLIETTE INC.
386;138699533RR0001;FONDATION DU CÉGEP DE SAINT-LAURENT
387;138885082RR0001;B'NAI B'RITH FOUNDATION OF MAPLE LEAF LODGE
388;139065361RR0001;FONDATION ALPHONSE LEPAGE INC.
389;139189005RR0001;FONDATION FAMIJEUNES SAINT-HENRI
390;139191530RR0001;FONDATION MARCEL-VAILLANCOURT POUR L'ENFANCE LAVALLOISE
391;139234280RR0001;FONDATION DU COLLEGE JESUS-MARIE DE SILLERY
392;139529648RR0001;LA FONDATION DES TOXICOMANES DU QUEBEC INC
393;139733406RR0001;Fondation Médicale des Laurentides et des Pays-d'en-Haut
394;140113143RR0001;LAVAL EN FLEURS (1988)
395;140450081RR0001;FONDATION MÈRE PAUL-MARIE INC.
396;140532813RR0001;MISSION CHEZ-NOUS
397;140607490RR0001;Fondation québécoise du SIDA
398;140684325RR0001;LA FONDATION DU CANCER DU SEIN DU QUEBEC/QUEBEC BREAST CANCER FOUNDATION
399;140707217RR0001;CENTRAIDE HAUTE-COTE-NORD / MANICOUAGAN
400;140714890RR0001;FONDATION DU JARDIN ZOOLOGIQUE DE GRANBY
401;140747882RR0002;FONDATION DE L'HOPITAL DE LA BAIE DES HA! HA!
402;140820614RR0001;FONDATION DU MUSÉE NAVAL DE QUÉBEC
403;140830415RR0001;FONDATION SANTÉ BAIE-DES-CHALEURS
404;140938523RR0001;FONDATION EMILE-Z-LAVIOLETTE
405;141006171RR0001;FONDATION L'AUBE DE LA PAIX
406;141013680RR0001;SHRINERS HOSPITALS FOR CHILDREN
407;141030312RR0001;LA FONDATION AU NOM DE L'ENFANT
408;141070219RR0001;FONDATION PINOCCHIOS
409;141083840RR0001;FONDATION DES SERVICES SANTE ET SOCIAUX DE PORTNEUF
410;141092395RR0001;LA FONDATION DU FESTIN DE LA ST-HUBERT
411;141199836RR0001;FONDS DE DÉVELOPPEMENT DU COLLÈGE ÉDOUARD-MONTPETIT
412;141307322RR0001;CORPORATION DE SERVICES SAINT-VALLIER
413;141380402RR0001;HAYASTAN FOUNDATION CANADA INC./FONDATION HAYASTAN CANADA INC.
414;141399287RR0001;FONDATION ATOUT VOIR DU QUEBEC INC
415;141431742RR0001;FONDATION DU MUSEE QUEBECOIS DE CULTURE POPULAIRE
416;141440958RR0001;FONDATION DU MUSEE NATIONAL DES BEAUX-ARTS DU QUEBEC
417;141512400RR0001;FONDATION DU CENTRE DE SANTÉ ET DE SERVICES SOCIAUX DU VAL-SAINT-FRANÇOIS
418;141528620RR0001;FONDATION CARREFOUR POUR ELLE INC.
419;141642231RR0001;FONDATION À L'EMPLOYABILITE DU QUEBEC INC
420;141652917RR0001;FONDATION DE L'ECOLE PRIMAIRE LES TROIS SAISONS INC
421;141713446RR0001;CENTRE NUHAB INC./ NUHAB CENTER INC.
422;141761155RR0001;Fondation de l'Institut universitaire en santé mentale de Québec
423;142674936RR0001;Hôtellerie Pavillon Marguerite d'Youville
424;144138880RR0001;ASSOCIATION DES BÉNÉVOLES DU CENTRE HOSPITALIER ST-EUSTACHE
425;144250248RR0001;FONDATION MOSD/MOSD FOUNDATION
426;144875945RR0001;FONDATION DE LA FAUNE DU QUEBEC
427;801081894RR0001;Fondation imaginer un monde meilleur
428;801315466RR0001;Héritage Anneplainois
429;801431503RR0001;Binefit Canada Foundation / Fondation Binefit Canada
430;801480401RR0001;La fondation Gilead Jubilation / The Gilead Jubilation Foundation
431;801600503RR0001;Tidal East Global Relief Fund
432;801801549RR0001;GESTAC HDL INC.
433;802022681RR0001;Fondation Lien-Partage inc.
434;802437517RR0001;Fonds Solidarité Sud
435;803127406RR0001;Fondation IFRAD
436;803302470RR0001;FONDATION MATHIEU LAFOND
437;803342344RR0001;60 MILLION GIRLS/ 60 MILLIONS DE FILLES
438;803496918RR0001;Fondation d'adolescents en difficulté du Québec
439;803653690RR0001;Fondation J'ai ma place
440;803823681RR0001;Fondation Mon Étoile pour le financement de la recherche curative du cancer / My Star for curative cancer research funding
441;803998467RR0001;Children's Metropolitan Relief Fund
442;804213759RR0001;BenefAction Foundation
443;804707107RR0001;BNI Canadan Foundation / Fondation BNI Canada
444;805144029RR0001;La Fondation Robinson Sheppard Shapiro / The Robinson Sheppard Shapiro Foundation
445;805176500RR0001;Fondation du 21ième siècle de la communauté catholique / The 21st Century Catholic Community Foundation
446;805369600RR0001;Association du cancer Lise Morin
447;805467545RR0001;FONDATION EDMUND WOOD/EDMUND WOOD FOUNDATION
448;805502341RR0001;FONDATION DU MAIRE DE GRANBY INC.
449;805752359RR0001;The Georges St-Pierre Foundation / La Fondation Georges St-Pierre
450;805847514RR0001;World Wide Hearing Foundation Canada
451;806494027RR0001;Fondation Campus Charlevoix
452;806546016RR0001;Fondation du Musée de la nature et des sciences
453;806810685RR0001;Fondation Pas à Pas / Step by Step Foundation
454;806821955RR0001;FONDATION DES LOGIS ROSE-VIRGINIE
455;807031315RR0001;Fondation St-Hubert
456;807078290RR0001;Fondation Uro-Laval
457;807412473RR0001;FONDATION CHARLES GUINDON
458;807779244RR0001;Fondation du Cégep Héritage / Heritage College Foundation
459;808004873RR0001;FONDATION DE L'ÉGLISE L'ANNONCIATION D'OKA
460;809032873RR0001;FONDATION DU CLSC DU VIEUX LA CHINE
461;809078702RR0001;Fondation du Collège Notre-Dame de Rivière-du-Loup
462;809091267RR0001;Productions généreuses
463;809108699RR0001;Festival Country de Trois-Rivières
464;809210800RR0001;FONDS GB - GB FUNDS
465;809432685RR0001;La Fondation impact de Montréal / Montréal Impact Foundation
466;809534134RR0001;Fonds Einick Gitelman / Einick Gitelman Funds
467;809628548RR0001;FONDATION DE LA MAISON DE QUARTIER
468;810171710RR0001;1000 km pour l'Avenir
469;810822478RR0001;LA FONDATION EN ENVIRONNEMENT ET DÉVELOPPEMENT DURABLE
470;810928093RR0001;Les oeuvres Kiwanis Jonquière
471;811005453RR0001;Fondation Diabète Suroît
472;811311349RR0001;FONDATION DE L'ÉCOLE NATIONALE DE THÉÂTRE DU CANADA / NATIONAL THEATRE SCHOOL OF CANADA FOUNDATION
473;811321066RR0001;Fondation du petit Séminaire Diocésain de Québec
474;811432871RR0001;FONDATION DU MUSEE DE LACHINE
475;811469493RR0001;Fondation Dignité
476;812169548RR0001;FONDATION LE BOULOT VERS...
477;812374684RR0001;Fondation Robin des Bois / Robin des Bois Foundation
478;813102738RR0001;The Black Sheep Foundation of Canada / La fondation mouton noir du Canada
479;813520673RR0001;CLASSIQUE RICHELIEU HARNOIS
480;813688256RR0001;Fondation du Théâtre de la Ligue Nationale d'Improvisation
481;813757143RR0001;FONDATION DU CENTRE LE HAVRE
482;814690947RR0001;FONDATION DU FESTIVAL INTERNATIONAL DE LANAUDIÈRE INC.
483;815215892RR0001;New Pathways: Foundation for the Future of First Nations / Nouveaux Sentiers: Fondation pour l'avenir des premières nations
484;815382684RR0001;Fondation Han-Logement
485;815844659RR0001;Corporation des biens culturels de la ville de Brossard
486;816097828RR0001;Fondation du Centre de la biodiversité de Bécancour
487;816976872RR0001;FONDATION DU CENTRE DE LA FAMILLE VALCARTIER
488;817244486RR0001;Fondation Le Pèlerin
489;817384712RR0001;Fondation Émergo
490;818398554RR0001;Fondation Externat Saint-Jean-Eudes
491;818785677RR0001;FONDATION SAINT-DENIS-SUR-RICHELIEU
492;818947699RR0001;Fondation 24h Tremblant
493;820345882RR0001;Maison des Soins Palliatifs du Sault-Saint-Louis
494;820407468RR0001;Fondation du CSSS de Vaudreuil-Soulanges
495;820431658RR0001;Fondation Communautaire de l'Abitibi-Témiscamingue
496;820568681RR0001;Fondation de la Fédération des médecins spécialistes du Québec
497;821164894RR0001;Fonds Marie-François
498;821331758RR0001;Fondation Auberge Madeleine
499;821698024RR0001;Fondation Daniel Lamarre
500;821744679RR0001;FONDATION ELOIZE
501;821898343RR0001;THE WEST ISLAND CRUSADE AGAINST CANCER
502;822114153RR0001;Estate Albert H. Ginman
503;822750030RR0001;Fondation le Chaînon / Le Chaînon Foundation
504;823224548RR0001;FONDATION CATHEDRALE ST-SAUVEUR/ST-SAUVEUR CATHEDRAL TRUST
505;823328554RR0001;Fondation Mab-Mackay Mab-Mackay Foundation
506;823747282RR0001;Hazel Breakey Youth Foundation / Fondation Jeunesse Hazel Breakey
507;823941216RR0001;Fondation de centre québécois de lutte aux dépendances
508;824349096RR0001;FONDATION RONALD DENIS M.D.
509;824452296RR0001;Fondation OLI / OLI Foundation
510;824486815RR0001;Fondation François Bonnardel
511;825109333RR0001;Fondation du Musée d'art de Joliette
512;825241532RR0001;Fondation Ashugun/ Ashugun Foundation
513;825469307RR0001;La Fondation Sami Fruits pour les petits / Sami Fruits for Kids Foundation
514;825575954RR0001;Fondation Lamikal Sacré-Coeur Canada-Haîti
515;825619133RR0001;Fondation Néz pour vivre
516;825807365RR0001;LA FONDATION MPT
517;826237729RR0001;FONDATION HISTOIRE QUÉBEC
518;826444069RR0001;Fondation relais d'espérance
519;826678054RR0001;Fondation de l'École de technologie supérieure (ÉTS)
520;826825341RR0001;THE KIDS HELPING KIDS CHARITABLE FOUNDATION
521;826861163RR0001;Fondation des offices jeunesse internationaux du Québec
522;827061300RR0001;Fonds Jason/Jason Fund
523;827492216RR0001;Foundation on Antivirals:/Fondation sur les antiviraux
524;827648825RR0001;Fondation Louis-Philippe Gagnon
525;827718438RR0001;Fondation Fiduciaire Nick Michel
526;828119826RR0001;Fiducie du Patrimoine culturel des Augustines
527;828162222RR0001;Comité Piste Cyclable Beauce
528;828249946RR0001;JARISLOWSKY FRASER DONOR ADVISED FOUNDATION
529;828291369RR0001;Fondation des Amis de l'Aviation royale du Canada
530;828357442RR0001;Montréal Foundation For Helping People In Need / Fondation De Montréal Aidant Les Personnes Dans Le Besoin
531;828593160RR0001;FONDATION HULL-VOLANT DE L'OUTAOUAIS
532;828644351RR0001;Fondation du collège Reine-Marie
533;828651356RR0001;Fondation Option des Amériques
534;828684290RR0001;Fondation du grand défi Pierre Lavoie
535;828827360RR0001;Fondation Club Rotary d'Alma
536;829042159RR0001;Fonds Escale Notre-Dame
537;829227610RR0001;Fondation au coeur de notre héritage
538;829327162RR0001;FONDATION RICHELIEU KENOGAMI
539;829330950RR0001;Fondation Jonction pour Elle
540;829367622RR0001;Fondation Tel-Jeunes
541;829384106RR0001;Fondation Tour du Chapeau / Hat Trick Foundation
542;829543115RR0001;Fondation PSI
543;829708403RR0001;Trans Canada Trail Foundation - Sentier Transcanadien Fondation
544;829919810RR0001;Fondation diabète Brome-Missisquoi
545;830117321RR0001;FONDATION LES ENFANTS DE L'AVENIR / TOMORROW'S CHILDREN FOUNDATION
546;830124103RR0001;Fondation Tourniquet
547;830982872RR0001;FONDATION SAINTE-JEANNE-DE-CHANTAL N.D.I.P.
548;831030549RR0001;FONDATION DU CANCER MONIQUE MALENFANT-PINIZZOTTO / MONIQUE MALENFANT-PINIZZOTTO CANCER FOUNDATION
549;831088158RR0001;Fondation de l'église Saint-Charles-Borromée de Charlesbourg
550;831141858RR0001;ActionS pour le mieux-être de l'enfance
551;831143052RR0001;Fondation centre d'intervention familiale le transit
552;831185020RR0001;Fondation Alicia / Alicia Foundation
553;831335856RR0001;Fondation Richelieu Saint-Jean
554;831336656RR0001;Fondation nourrir l'espoir / Feeding Hope Foundation
555;831487673RR0001;FONDATION EDOUARD ET SES ÉTOILES
556;831492673RR0001;FONDATION PASTORALE PENTECOTE
557;831577283RR0001;Fondation Air Canada - Air Canada Foundation
558;831580360RR0001;Fondation Les amis du phare
559;831582929RR0001;THE TENAQUIP FOUNDATION/LA FONDATION TENAQUIP
560;831817465RR0001;Fondation Alzheimer de Québec
561;832145668RR0001;La Fondation Mathis Dumais-Dontigny
562;832408256RR0001;Fondation Richelieu Montmagny
563;832469670RR0001;FONDATION ROBERT DUTTON
564;832932081RR0001;Fondation Joly-Messier / Joly-Messier Foundation
565;832964886RR0001;Fondation Les Équipières Sociales
566;833096035RR0001;Chenail roule pour l'espoir
567;833224801RR0001;Fondation de l'École de cirque de Québec
568;833295249RR0001;Kurling for Kids / Curling pour enfants
569;833411473RR0001;ONEXONE FOUNDATION/FONDATION ONEXONE
570;833586142RR0001;SENNEVILLE PARTAGE/SENNEVILLE SHARES
571;833818677RR0001;FONDATION DU COLLÈGE STANISLAS
572;834521940RR0001;FONDATION ÉMILIE-TAVERNIER-GAMELIN
573;834542342RR0001;FONDATION DU DIABÈTE LAVAL, LAURENTIDES
574;834782286RR0001;Fondation communautaire du Saguenay-Lac-Saint-Jean
575;835014473RR0001;FONDATION DU CLUB ROTARY MONT-TREMBLANT
576;835217142RR0001;FONDATION DOMUS DOMINI
577;835256264RR0001;Fondation Yves Audette
578;835877457RR0001;FONDATION TOURNESOL POUR LES ENFANTS D'ICI
579;835903543RR0001;FONDATION SOINS SANTE OPTIMAL/OPTIMAL HEALTH CARE FOUNDATION
580;836664961RR0001;PR-RP ABERCORN INC
581;836775353RR0001;Fondation des bibliothèques publiques de Montréal
582;836973222RR0001;La grande guignolée des médias de la Rive-Sud (Montréal)
583;837164474RR0001;FONDATION TIRELIRE
584;837305523RR0001;FONDATION SIMPLE PLAN / SIMPLE PLAN FOUNDATION
585;837525948RR0001;LA FONDATION DE LA MAISON DU PÈRE
586;837657022RR0001;La Fondation au diapason soins palliatifs-Au Diapason Palliative Care Foundation
587;838152205RR0001;Fondation de l'académie du trésor - Treasure Academy Foundation
588;838321628RR0001;Fondation Prince Albert II de Monaco (Canada) / The Prince Albert II of Monaco Foundation (Canada)
589;838784924RR0001;Fondation du Glaucome du Québec
590;839287273RR0001;FONDATION DU CENTRE D'ACTION BÉNÉVOLE L'ACTUEL
591;839886421RR0001;Fondation Club St-Ephrem
592;840225528RR0001;FONDATION ANDRE DEDE FORTIN
593;840315667RR0001;Fondation de l'Ensemble DA CAPO
594;840367353RR0001;Fondation centre action / Action Centre Foundation
595;840629141RR0001;WORLD WATER SOURCE/SOURCE D'EAU MONDIALE
596;840691885RR0001;Fondation Le Petit Blanchon
597;841176472RR0001;VALERO ENERGY FOUNDATION OF CANADA / FONDATION ÉNERGIE VALERO DU CANADA
598;841374531RR0001;Fondation Casse-Tête
599;842024564RR0001;FONDATION UN GESTE POUR LA VIE
600;842336430RR0001;Fondation villa de la paix
601;842476541RR0001;FONDATION LES AMIS D'ELLIOT
602;842647976RR0001;Fondation du centre d'aide et d'action bénévole de Charlebourg
603;843263062RR0001;Centre de pédiatrie sociale de Trois-Rivières
604;843339136RR0001;Campus 2 Foundation / Fondation Campus 2
605;843377409RR0001;Fondation Industrielle alliance pour l'apprentissage d'une langue seconde/Industrial Alliance Foundation for Learning s Second Language
606;843410044RR0001;Fondation Jean-Neveu
607;843599507RR0001;Fondation de l'École de musique de Matane
608;843907494RR0001;Fondation de L'Arche L'Étoile
609;844629444RR0001;Fondation Corbeille d'Émilie
610;844640441RR0001;Fondation du Centre jeunesse des Laurentides
611;844665851RR0001;FONDATION CENTRE D'ACCUEIL PONTIAC
612;844784348RR0001;FONDATION CARRÉ SAINT-LOUIS DE JOLIETTE
613;845240399RR0001;La Fondation des Saints-Anges en musique de Lachine
614;845553569RR0001;TRINITY FOUNDATION DANVILLE - FONDATION TRINITY DANVILLE
615;846069219RR0001;FRANK CAVALLARO FOUNDATION/FONDATION FRANK CAVALLARO
616;846104487RR0001;Fondation patrimoniale Nostre Dame de Kebec / Nostre Dame de Kebec Heritage Foundation
617;846248292RR0001;Fondation de l'eau rivière du nord
618;846333169RR0001;LA FONDATION DU CENTRE CASA
619;846366235RR0001;Fondation de l'Église La Nativité de Notre-Dame
620;846414274RR0001;FONDATION PASTORALE DU DIOCÈSE DE NICOLET INC.
621;846758126RR0001;FONDATION DU CÉGEP DE L'OUTAOUAIS
622;846976348RR0001;FONDATION TANGENTE
623;847373669RR0001;Moving Forward Together: A Campaign for Healing and reconciliation/Avançons ensemble: Une campagne de guérison et de réconciliation
624;847531720RR0001;CHARLES-ALEXANDRE LANERO FOUNDATION FOR RESEARCH ON NON-KETOTIC HYPERGLYCINEMIA INC
625;847698800RR0001;Fondation Simone-Bourdon
626;847794989RR0001;Fondation concours musical international de Montréal
627;848130563RR0001;FONDATION DE LA MAISON DESJARDINS DE SOINS PALLIATIFS DU KRTB
628;848375986RR0001;Fondation Le Grand Chemin
629;848706743RR0001;FONDATION HUMANISTE DU QUEBEC / HUMANIST FOUNDATION OF QUEBEC
630;848753554RR0001;THE CANADIAN RAILROAD HISTORICAL ASSOCIATION FOUNDATION LA FONDATION DE L'ASSOCIATION CANADIENNE D'HISTOIRE FERROVIAIRE
631;849181755RR0001;Fondation Scoute Saint-Georges
632;849210406RR0001;Fondation André Trudeau
633;849250493RR0001;Fiducie des oeuvres de l'Évêque du diocèse de Chicoutimi
634;849298963RR0001;THE SPIRITUAL ASSEMBLY OF THE BAHA'IS OF DOLLARD DES ORMEAUX
635;849309547RR0001;THE CANADIAN FOUNDATION FOR COOPERATION AND DEVELOPMENT/LA FONDATION CANADIENNE POUR LA COOPERATION ET LE DEVELOPPEMENT
636;849361407RR0001;Fondation de la Maison l'Angélique de Charlevoix
637;849710157RR0001;Fondation Club Avenir
638;850179631RR0001;Fondation des amis d'AIDI
639;850551466RR0001;Fondation de l'université de Montréal
640;850788720RR0001;FONDATION DU CENTRE D'AIDE POUR HOMMES DE LANAUDIÈRE CAHo
641;850799081RR0001;Fondation Accueil Bonneau / Accueil Bonneau Foundation
642;851788315RR0001;Parkinson Estrie
643;852123280RR0001;Association des Auxiliaires bénévoles du centre hospitalier de Granby
644;852141324RR0001;FONDATION ÉCOUTE SECOURS
645;852567197RR0001;FONDATION DU COLLÈGE DU MONT STE-ANNE
646;852673391RR0001;Fondation Richelieu Laurentienne
647;852730209RR0001;La fondation Académie Lafontaine
648;852808955RR0001;Étoile de Martin
649;852828359RR0001;Fondation Rocheleau Labranche
650;852847383RR0001;FONDATION DU COLLÈGE COOPÉRATIF L'HORIZON
651;853332617RR0001;Fondation pour les élèves de la Commission scolaire de la Région-de-Sherbrooke
652;853367340RR0001;FONDATION CLAUDE MASSE
653;853446243RR0001;ARH HEALTHCARE FOUNDATION / FONDATION ARH SANTE
654;853855807RR0001;LES AMIS DES FRATERNITES MONASTIQUES DE JERUSALEM - MONTREAL
655;854420064RR0001;Fondation sur les leucodystrophies
656;854604758RR0001;Fondation Baluchon Alzheimer
657;854889417RR0001;Fondation du service de police de la ville de Montréal / TheService de Police de la Ville de Montréal Foundation
658;854905411RR0001;Fondation Collège Notre-Dame des Servites
659;855144481RR0001;MOMENTS INTIMACY LAUGHTER KINSHIP FOUNDATION
660;855236162RR0001;FONDATION JAIDE (JEUNES ADULTES ITINÉRANTS, DÉMUNIS ET EXCLUS)
661;855331450RR0001;Fondation Jonquière-Médic
662;855413662RR0001;Mu Omicron Zeta Association du Canada / Mu Omicron Zeta Association of Canada
663;856111083RR0001;LA FONDATION COMMUNAUTAIRE D'ARTHABASKA
664;856182084RR0001;FONDATION ASSELIN-CHICOBI
665;856292206RR0001;CORPORATION DU NOEL DES ENFANTS 2002
666;856849500RR0001;LA FONDATION LAVALLOISE DES LETTRES
667;856849898RR0001;Les amis de la bibliothèque de Pointe-Claire / The Friends of the Pointe-Claire Library
668;856972872RR0001;FONDATION POUR LA RECHERCHE EN CHIRURGIE THORACIQUE DE MONTRÉAL
669;856972963RR0001;FONDATION DE LA PLACE DES ARTS
670;856980321RR0001;FONDATION DE L'ATAXIE CHARLEVOIX-SAGUENAY
671;856982475RR0001;AMIS DE LA BIBLIOTHEQUE DE BROSSARD
672;857178248RR0001;LA FONDATION FABRIQUE DE SAYABEC (MAURICE FOURNIER)
673;857214084RR0001;La Fondation de la Société d'adoption Enfants du monde / Children of the World Adoption Society Foundation
674;857238307RR0001;LA FONDATION DU MOUVEMENT CONTRE LE VIOL ET L'INCESTE
675;857823835RR0001;LES AMIS DE STEWART HALL/THE FRIENDS OF STEWART HALL
676;858222573RR0001;La Fondation Jean-Montbourquette
677;858275670RR0001;FONDATION DE L'AMIE
678;858633621RR0001;Eva R. Gsum Foundation
679;859142325RR0001;FONDATION COWBOYS FRINGANTS
680;859315509RR0001;LA FONDATION DE LA SOCIÉTÉ D'HISTOIRE DE SHERBROOKE
681;859416380RR0001;La fondation de l'école Beaulieu, un quartier, une vie
682;859501371RR0001;FONDATION DES MÉDECINS CANADO-HAÏTIENS
683;859545576RR0001;LES OEUVRES DU PRESBYTERE SACRE-COEUR DU BASSIN INC.
684;859703555RR0001;La Fondation du Centre d'Action Bénévole de la Vallée du Richelieu
685;859713109RR0001;DR. W. J. KLINCK FOUNDATION / LA FONDATION DR. W. J. KLINCK
686;859795700RR0001;FONDATION D'ENTRAIDE EN SANTE DES BENEVOLES DE STE-ANNE
687;859807646RR0001;FONDATION CAPITALE DES JEUNES JUIFS DE CHOMEDEY/YOUNG ISRAEL OF CHOMEDEY CAPITAL FOUNDATION
688;859961203RR0001;FONDATION DE LA RÉSIDENCE MARCEL SIOUI
689;860061274RR0001;CUMMINGS JEWISH CENTRE FOR SENIORS FOUNDATION/FONDATION CENTRE JUIF CUMMINGS POUR AINES
690;860071901RR0001;FONDATION JEUNESSE SOLEIL / SUN YOUTH ORGANIZATION FOUNDATION
691;860175736RR0001;FONDATION DE L'HÔPITAL D'ARGENTEUIL
692;860239409RR0001;FONDATION DU CLUB ROTARY DE LAVAL
693;860749894RR0001;FONDATION ANGELICA
694;860791466RR0001;TYNDALE ST. GEORGE'S FOUNDATION / FONDATION TYNDALE ST-GEORGES
695;860826833RR0001;FONDATION PAUL PINEAULT POUR SOULAGER L'ALZHEIMER
696;861145704RR0001;FONDATION DE LA CINEMATHEQUE QUEBECOISE / THE QUEBEC CINEMATHEQUE FOUNDATION
697;861339216RR0001;CORPORATION DE SOUTIEN DU CENTRE MARIA-CHAPDELAINE
698;861376234RR0001;FONDATION LA MAISON D'HÉBERGEMENT LE BALUCHON INC.
699;861397669RR0001;LA FONDATION DES AÎNÉ(E)S DE JONQUIÈRE INC.
700;861419083RR0001;LA FONDATION COMMUNAUTAIRE DE L'ESTRIE
701;861497188RR0001;FONDATION DE L'ENSEMBLE ARION
702;861579696RR0001;LA FONDATION SOUS LES AILES DE SAINT-MICHEL ARCHANGE
703;861789196RR0001;FONDATION ST-BERNARD
704;861839587RR0001;SOCIETE PARKINSON REGION BAS-SAINT-LAURENT
705;861887214RR0001;FONDATION LA RUE DES FEMMES/ HERSTREET FOUNDATION
706;862054111RR0001;FONDATION QUÉBÉCOISE DU SCOUTISME
707;862072006RR0001;FINANCE AND EXTENSION BOARD OF THE MONTREAL PRESBYTERY, UNITED CHURCH OF CANADA
708;862158615RR0001;FONDATION STEVE DUCHESNE
709;862314754RR0001;FONDATION CAMBI INC.
710;862334125RR0001;FONDATION DU CLUB DE HOCKEY CANADIEN POUR L'ENFANCE/THE MONTREAL CANADIENS CHILDREN'S FOUNDATION
711;862444908RR0001;LA FONDATION DE LA RESIDENCE DE SOINS PALLIATIFS DE L'OUEST DE L'ILE INC/WEST ISLAND PALLIATIVE CARE RESIDENCE FOUNDATION INC
712;862651106RR0001;LA FONDATION ST-GABRIEL
713;862944790RR0001;FONDATION GEORGES O'DONOUGHUE
714;863518528RR0001;JOHN H PETERS ENDOWMENT FUND TRUST
715;863563672RR0001;FONDATION DE LA COOPÉRATIVE DE SOLIDARITÉ SANTÉ DE SAINTE-THÈCLE
716;863661757RR0001;FONDS POUR LES JEUNES D'ANJOU
717;863736658RR0001;FONDATION, FESTIVAL DU LAC MASSAWIPPI INC.
718;863742185RR0001;FONDATION COMMUNAUTAIRE DE LANAUDIÈRE
719;864141296RR0001;FONDATION MAISONS ANCIENNES DU QUÉBEC
720;864145792RR0001;FONDATION DU MOULIN DES JÉSUITES
721;864448071RR0001;FONDATION GARNIERKIDS INC. / GARNIERKIDS FOUNDATION INC.
722;864740170RR0001;FONDATION DE L'AIDE COMMUNAUTAIRE DE LENNOXVILLE ET DES ENVIRONS/LENNOXVILLE AND DISTRICT COMMUNITY AID FOUNDATION
723;864763537RR0001;FONDATION EMILIEN DUMAIS INC.
724;864768643RR0001;FONDATION DES GOUVERNEURS DE L'ESPOIR
725;865019574RR0001;FONDATION JEUNESSE CAP-ROUGE
726;865447999RR0001;Toujours Ensemble Foundation/La Fondation Toujours Ensemble
727;865486070RR0001;FONDATION DU SPVG INC.
728;865700595RR0001;FONDATION AIRMÉDIC, AMBULANCE AÉRIENNE
729;865809198RR0001;VASILIOS TSIOLIS FOUNDATION
730;865878953RR0001;LE FONDS DE DOTATION DE LES GRANDS BALLETS CANADIENS/THE ENDOWMENT FUND OF LES GRANDS BALLETS CANADIENS
731;865887111RR0001;FONDATION ALLAIRE
732;865889612RR0001;Fondation Serge Marcil
733;865929491RR0001;OTIS GRANT & FRIENDS
734;865969984RR0001;LA FONDATION DU CENTRE DE PREVENTION DU SUICIDE DE QUEBEC
735;865997811RR0001;FONDATION SPORTS ÉTUDES A.N. MORIN
736;866072788RR0001;FONDATION HÉMA-QUÉBEC/HÉMA-QUÉBEC FOUNDATION
737;866073133RR0001;Clubs des petits déjeuners du Canada - Breakfast Clubs of Canada
738;866175383RR0001;FONDATION DES CLUBS LIONS DU QUÉBEC
739;866186851RR0001;VIVE LA VIE - I LOVE LIFE INC.
740;866220098RR0001;LA FONDATION COLLÈGE BOURGET
741;866713258RR0001;FONDATION ALAYN LEPAGE
742;866818073RR0001;FONDATION CLSC SUZOR-COTE
743;867000739RR0001;FONDATION DE L'ECOLE INTERNATIONALE DE GREENFIELD PARK/GREENFIELD PARK INTERNATIONAL SCHOOL FOUNDATION
744;867050544RR0001;AED (ASSISTANCE D'ENFANTS EN DIFFICULTE)
745;867352163RR0001;FONDATION UNIVERSITAIRE DE L'ECOLE DES HAUTES ETUDES COMMERCE
746;867374464RR0001;FONDATION DES CLSC DU LAC-SAINT-LOUIS ET DE PIERREFONDS / CLSC'S LAC-SAINT-LOUIS AND PIERREFONDS FOUNDATION
747;867466310RR0001;LA FONDATION DE L'ECOLE DES URSULINES DE QUEBEC
748;867514028RR0001;FONDATION JEUNES ET SOCIÉTÉ
749;867606022RR0001;FONDATION RONA
750;867643892RR0001;FONDATION DE L'ÉCOLE DE MUSIQUE DU BAS-SAINT-LAURENT INC.
751;867766024RR0001;FONDATION GUY BOURGEOIS CONTRE LE CANCER
752;867891145RR0001;LA FONDATION DU SÉMINAIRE DE SHERBROOKE
753;867942013RR0001;FONDATION DE L'ORATOIRE SAINT-JOSEPH DU MONT-ROYAL
754;868003070RR0001;FONDATION I E S I
755;868211145RR0001;FONDATION DE L'INSTITUT NAZARETH ET LOUIS-BRAILLE
756;868220369RR0001;FONDATION JEUNESSE DE BORDEAUX-CARTIERVILLE
757;868327826RR0001;LE FONDS DU PATRIMOINE RELIGIEUX DU QUEBEC/THE QUEBEC RELIGIOU HERITAGE FUND
758;868433947RR0001;FONDATION DU CENTRE UNIVERSITAIRE DE SANTÉ MCGILL/MCGILL UNIVERSITY HEALTH CENTRE FOUNDATION
759;868437443RR0001;FONDATION LILIANE BRUNEAU
760;868447160RR0001;FONDATION COLLÈGE MONT-SACRÉ-COEUR
761;868453127RR0001;ALAN WEBSTER REALMONT TRUST
762;868838269RR0001;FONDATION JEAN-CLAUDE BRANCHAUD
763;868911504RR0001;FONDATION PATRO DE LEVIS
764;868962523RR0001;KATIMAVIK FOUNDATION/FONDATION KATIMAVIK
765;868967928RR0001;"""IVONIS MAZZAROLO FOUNDATION"""
766;869008177RR0001;FOUNDATION FOR CHARITABLE EXCELLENCE - FONDATION POUR L'EXCELLENCE CARITATIVE
767;869042549RR0001;AANISCHAAUKAMIKW FOUNDATION / LA FONDATION AANISCHAAUKAMIKW
768;869456509RR0001;FONDATION DU CENTRE DE READAPTATION EN DEFICIENCE PHYSIQUE CHAUDIERE-APPALACHES INC.
769;869491670RR0001;FONDATION SIGNES D'ESPOIR
770;869885046RR0001;FONDATION DROITS & SANTÉ MENTALE (FDSM)
771;870158920RR0001;FONDATION ALTUM/ALTUM FOUNDATION
772;870316585RR0001;FONDATION DU PATRIMOINE DE L'ÉTINCELLE
773;870409562RR0001;FONDATION DE L'HOTEL-DIEU DE ST-HYACINTHE
774;870517992RR0001;PARTAGE-ACTION DE L'OUEST-DE-L'ILE/WEST-ISLAND COMMUNITY SHARES
775;870612645RR0001;FONDATION DU CLSC VALLEE DE LA BATISCAN
776;870631363RR0001;CANADIAN FOUNDATION FOR RESEARCH ON INCONTINENCE/FONDATION CANADIENNE POUR LA RECHERCHE SUR L'INCONTINENCE
777;870699584RR0001;FONDATION SANTÉ MRC DE D'AUTRAY
778;870713047RR0001;SEMINARY LOAN FUND
779;870718780RR0001;FONDATION COMMUNAUTAIRE DU SAINT-MAURICE
780;870775665RR0001;FONDATION DU COLLEGE DINA-BELANGER
781;871078309RR0001;FONDATION DE L'OPÉRA DE MONTRÉAL
782;871084190RR0001;FONDATION DE L'HOPITAL SAINTE-ANNE/STE ANNE'S HOSPITAL FOUNDATION
783;871105300RR0001;LA FONDATION SABRINA & CAMILLO D'ALESIO / SABRINA & CAMILLO D'ALESIO FOUNDATION
784;871387643RR0001;FIDUCIE INTEGREMPLOI
785;871804019RR0001;FONDATION LES AMIS DE LA DAUPHINELLE
786;871910865RR0001;FONDATION HÉRITAGE DE LA CATHÉDRALE D'AMOS
787;871986709RR0001;FONDATION ABITIBI CONSOLIDATED - MANICOUAGAN
788;872095104RR0001;FONDATION STE-THÉRÈSE-DE-LISIEUX
789;872182936RR0001;Fondation MAP
790;872653225RR0001;FONDATION DE BIBLIOTHÈQUE ET ARCHIVES NATIONALES DU QUÉBEC
791;873520514RR0001;FONDATION DU CENTRE MONTÉRÉGIEN RÉADAPTATION
792;873538243RR0001;FONDS D'ACTION SAINT-LAURENT
793;873544712RR0001;THE TOY TEA FOR CHILDREN / THE-JOUET POUR ENFANTS
794;873619803RR0001;CENTRE DE SERVICES PREVENTIFS A L'ENFANCE DE COTE DES NEIGES
795;873937593RR0001;CARREFOUR PROVINCIAL FAMILLE JEUNESSE INC.
796;874092026RR0001;FONDATION MISERERE 2000
797;874321979RR0001;FAE FOUNDATION OF THE ARMENIANS FROM EGYPT INC./FAE FONDATION DES ARMENIANS D'EGYPTE INC.
798;874510126RR0001;FONDATION MARCEL BARIL
799;874645617RR0001;FONDATION MARC-ANDRE JACQUES
800;874698103RR0001;FONDATION ANDRÉ-DELAMBRE / ANDRÉ-DELAMBRE FOUNDATION
801;875106817RR0001;NELLIE PHILANTHROPY FOUNDATION
802;875118911RR0001;FONDATION QUÉBÉCOISE DES MALADIES DE L'ANXIÉTÉ (F.Q.M.A.)
803;875155426RR0001;FIDUCIE AUTHIER, HARKINS ET METRAS
804;875293201RR0001;FONDATION MISSION PROSPÉRITÉ / MISSION PROSPERITY FOUNDATION / FUNDACION MISION PROSPERIDAD
805;875633810RR0001;THE PRIORY SCHOOL FOUNDATION INC./LA FONDATION DE L'ECOLE PRIORY INC.
806;875741027RR0001;FONDATION DE L'ACADÉMIE DE MUSIQUE MASSEY-VANIER
807;875805327RR0001;FONDATION MARIO-RACINE
808;875907420RR0001;FONDATION ÉMERGENCE INC.
809;876016536RR0001;La Fondation de la Maison Québécoise du Théâtre pour l'Enfance et la Jeunesse inc.
810;876308677RR0001;LA FONDATION DU COLLEGE RACHEL INC.
811;876542671RR0001;FONDATION DES JARDINS DE METIS
812;876903923RR0001;LA FONDATION MARIANOPOLIS DU MILLENAIRE/THE MARIANOPOLIS MILLENNIUM FOUNDATION
813;876985672RR0001;FONDATION DU MUSEE DES MAITRES ET ARTISANS DU QUEBEC
814;877230003RR0001;FONDATION RABBIN YAKOV YITZCHOK NEUMANN / RABBI YAKOV YITZCHOK NEUMANN FOUNDATION
815;877265215RR0001;FONDATION VIVA MUSICAL'PHA
816;877842161RR0001;OMNIUM DU MAIRE - CANDIAC
817;877901363RR0001;FONDATION DU CÉGEP DE CHICOUTIMI
818;877980581RR0001;OEUVRE CHARLES LEMOYNE POUR LES AMIS DE L'EVEQUE (OCLAE) INC.
819;877980722RR0001;FONDATION SANTÉ DE LA HAUTE-GASPÉSIE
820;878106558RR0001;FONDATION MAISON CARPE DIEM
821;878182211RR0001;FONDATION SAINT-JOSEPH DE DESCHAMBAULT
822;878248111RR0001;FONDATION DES VIOLONS DU ROY
823;878547603RR0001;FONDATION DE L'INSTITUT DE TOURISME ET D'HÔTELLERIE DU QUÉBEC
824;878639509RR0001;FONDATION LA SEJOURNELLE
825;879084317RR0001;FONDATION ISABELLE PELADEAU
826;879421329RR0001;FONDATION PAVILLON DU PARC
827;879880367RR0001;LA FONDATION ACADÉMIE ROYAL WEST/ROYAL WEST ACADEMY FOUNDATION
828;880125273RR0002;FONDATION JEAN P. DALLAIRE
829;880150156RR0001;FONDATION DU CENTRE D'HÉBERGEMENT DE LACHINE
830;880193875RR0001;FONDATION D'HISTOIRE PIERRE-DE-SAUREL INC
831;880300678RR0001;FONDATION FAMRAP
832;880465422RR0001;FONDATION PATRIMOINE HISTORIQUE INTERNATIONAL (CANADA)/ INTERNATIONAL HISTORIC HERITAGE FOUNDATION (CANADA)
833;880544275RR0001;FONDATION SUICIDE ACTION MONTRÉAL
834;881372726RR0001;FONDATION COMMUNAUTAIRE GASPÉSIE-LES ILES
835;881979124RR0001;LA FONDATION DU GRAND MONTREAL/THE FOUNDATION OF GREATER MONTREAL
836;882081987RR0001;FONDATION DE L'ORCHESTRE SYMPHONIQUE DE MONTRÉAL
837;882150105RR0001;FONDATION J. MARCEL LEFEBVRE
838;882538382RR0001;FONDATION JEUNESSE-IN'AFU
839;882885361RR0001;FONDATION DU CENTRE D'HEBERGEMENT DENIS-BENJAMIN VIGER
840;882918568RR0001;Fondation à Dieu va / To God Go Foundation
841;883429961RR0001;FONDATION DU CENTRE HOSPITALIER DE L'UNIVERSITÉ DE MONTRÉAL
842;883474314RR0001;LE FONDS HUMANITAIRE DE LA FÉDÉRATION DES POLICIERS ET POLICIÈRES MUNICIPAUX DU QUÉBEC
843;884184003RR0001;FONDATION DE LA CITÉ-DES-JEUNES POUR LA VIE ÉTUDIANTE
844;884234725RR0001;FONDATION DE LA BIBLIOTHEQUE MUNICIPALE RICHELIEU DE LA SARRE
845;884251000RR0001;FONDATION SEMBEQ
846;884512708RR0001;FONDATION COLLEGE MARIE-DE-FRANCE
847;884514902RR0001;FONDATION ROTAIDE INC./ROTAIDE FOUNDATION INC.
848;884539917RR0001;FONDATION À CHACUN SON DÉFI
849;884550419RR0001;FONDATION DU ROTARY DE CHARLESBOURG
850;884868613RR0001;FONDATION DE L'ECOLE PRIMAIRE ILE-DES-SOEURS
851;884905365RR0001;FONDATION DU CENTRE JEUNESSE DE LAVAL
852;885164186RR0001;LA REGIE DU REGIMENT - LES FUSILIERS DU ST-LAURENT
853;885258012RR0001;FONDATION DE LA FEDERATION QUEBECOISE DES LARYNGECTOMISES
854;885273235RR0001;FONDATION POUR L'AUTISME (REGION 03-12)
855;885296756RR0001;FONDATION DU CENTRE DE SANTÉ ET DE SERVICES SPCIAUX DE MANICOUAGAN
856;885429563RR0001;FONDATION DES HANDICAPÉS ADULTES DE LA MAURICIE
857;885542720RR0001;Fondation Père Sablon
858;885566026RR0001;FONDATION DES OEUVRES DU HAVRE
859;885900159RR0001;LA FONDATION MARGUERITE D'YOUVILLE INC
860;885991836RR0001;FONDATION DU SANCTUAIRE DE LA REPARATION AU SACRE-COEUR
861;886007897RR0001;FONDATION ECOLE TERRE-SOLEIL INC.
862;886054592RR0001;FONDATION DU CENTRE DE SANTÉ ET DE SERVICES SOCIAUX DU HAUT-SAINT-FRANÇOIS
863;886095918RR0001;FONDATION GÉNÉRAL ROMÉO DALLAIRE
864;886118793RR0001;LA FONDATION DU CLSC-CHSLD DE L'ERABLE
865;886247014RR0001;LA FONDATION LA CLÉ SUR LA PORTE INC.
866;886299593RR0001;T.R.E.E. FOUNDATION FOR TRAINING AND DEVELOPMENT / FONDATIONPOUR LA FORMATION ET LE DÉVELOPPEMENT T.R.E.E.
867;886300953RR0001;FONDATION ROSEMERE
868;886352392RR0001;BENEVOLENT COMMITTEE OF LA CROIX DE SECOURS ARMENIENNE INC
869;886406636RR0001;FONDATION CEIM
870;886556679RR0001;FONDATION SCOUTE DE L'EST DU QUÉBEC
871;886581859RR0001;HERITAGE COLLEGE DEVELOPMENT FUND
872;886602473RR0001;FONDATION DU CARREFOUR JEUNESSE-EMPLOI DE D'AUTRAY-JOLIETTE
873;886641430RR0001;Fondation de l'association des recycleurs de pièces d'auto et de camion Inc.
874;886658798RR0001;CENTRAIDE GATINEAU-LABELLE
875;886676592RR0001;Fondation Moelle épinière et motricité Québec
876;886701556RR0001;LA FONDATION DES SERVICES DE SANTE DE LA MRC DE L'ISLET
877;886714294RR0001;FONDATION CLAUDE-EDOUARD HETU
878;886894393RR0001;FONDATION DES MILITANTS CHRÉTIENS DU DIOCÈSE DE ST-HYACINTHE
879;886898337RR0001;FONDATION SERVICES DE SANTÉ LES GRÈS
880;887080653RR0001;FONDS DE CHARITÉ DES EMPLOYÉS DE BOMBARDIER GRANBY
881;887239192RR0001;Quebec Community Health and Social Services Foundation / Fondation communautaire de la santé et des services sociaux du Québec
882;887300358RR0001;FONDATION DU MANOIR ST-EUSTACHE
883;887330199RR0001;FONDATION KIWANIS LAKESHORE INC. / KIWANIS LAKESHORE FOUNDATION INC.
884;887349595RR0001;UKRAINIAN YOUTH ASSOCIATIONS BENEVOLENT INSTITUTE OF QUEBEC INC/INSTITUT BENEVOLE DU QUEBEC DES ASSOCIATIONS DE JEUNESSE UKRAINIENNE INC
885;887359958RR0001;FONDATION-JEUNESSE DE LA COTE-SUD
886;887384352RR0001;FONDATION DU MUSEE DE LA CIVILISATION
887;887401396RR0001;THE BOYS FARM AND TRAINING SCHOOL FOUNDATION LA FONDATION DU BOYS FARM AND TRAINING SCHOOL
888;887431864RR0001;FONDATION DU REGROUPEMENT DES FAMILLES MONOPARENTALES ET RECOMPOSEES DE LAVAL
889;887484350RR0001;CENTRE JEUNESSE DE LA MONTEREGIE
890;887559151RR0001;FONDATION LE F.A.R.
891;887561959RR0001;FONDATION DU CENTRE DE SANTÉ ET DE SERVICES SOCIAUX DE LA MITIS
892;887637155RR0001;LA FONDATION S E R V I R BOIS-FRANCS INC
893;887649614RR0001;LA FONDATION DU CLUB ROTARY DE VALLEYFIELD INC.
894;887789899RR0001;FONDATION CLUB KIWANIS ST-EUSTACHE
895;887819753RR0001;FONDATION LA CROISEE DES CHEMINS
896;887888261RR0001;FONDATION DE L'INSTITUT ST-JOSEPH INC.
897;887901247RR0001;FONDATION TREMBLANT
898;887934578RR0001;FONDATION TEDICA
899;887996577RR0001;LA FONDATION ROBERT H.K. LO
900;888012069RR0001;FONDATION CAECITAS INC
901;888055860RR0001;ST ALBAN'S CHAPEL, BFC VALCARTIER
902;888066248RR0001;FONDATION DES AUBERGES DU COEUR DU QUÉBEC
903;888076643RR0001;CONSEIL DES ARTS DE MONTREAL
904;888098548RR0001;FONDATION DU CONSERVATOIRE LASSALLE
905;888122462RR0001;FONDATION ALCO-TOXICO DES BASSES LAURENTIDES
906;888162047RR0001;PENTAEDRE, QUINTETTE A VENT INC
907;888188661RR0001;"LA FONDATION DE L'UNIVERSITE DE SHERBROOKE - THE FOUNDATION OF THE ""UNIVERSITE DE SHERBROOKE"""
908;888189248RR0001;FONDATION PRÉVENTION DU SUICIDE DU BAS ST-LAURENT
909;888213865RR0001;QUEBEC FEDERATION OF THE BLIND FOUNDATION FONDATION DE LA FEDERATION DES AVEUGLES DU QUEBEC
910;888226990RR0001;FONDATION DES CENTRES D'HÉBERGEMENT ET DE SOINS DE LONGUE DUREE - VIEUX-LONGUEUIL
911;888380722RR0001;FONDATION DU CENTRE DES SCIENCES DE MONTREAL/MONTREAL SCIENCE CENTRE FOUNDATION
912;888444437RR0001;LA FONDATION DU DIOCÈSE DE GASPÉ
913;888501848RR0001;LA FONDATION D'AIDE A LA PREPARATION AU MARIAGE FAPAM
914;888573334RR0001;FONDATION MUSÉE MILITAIRE BAIE DES CHALEURS/BAY CHALEUR MILITARY MUSEUM
915;888603396RR0001;FONDATION JEAN-JACQUES-MERCIER DES CLSC DU CSSS DU SUD-OUEST-VERDUN
916;888648268RR0001;LE FOND DE DÉVELOPPEMENT DU COLLÈGE JEAN-DE-BRÉBEUF
917;888656857RR0001;FONDATION DU CENTRE D'HÉBERGEMENT ET DE SOINS DE LONGUE DURÉE HORACE-BOIVIN
918;888656949RR0001;FONDATION THOMAS-LOUIS-DORÉ
919;888673175RR0001;MINERALOGICAL ASSOCIATION OF CANADA FOUNDATION
920;888719317RR0001;FONDATION DE L'ÉCOLE DU SAINT-ESPRIT DE SHERBROOKE
921;888738846RR0001;FONDATION DES JEUX DU QUEBEC INC
922;888743267RR0001;Y M - Y W H A FOUNDATION
923;888761863RR0001;FONDATION EMBARQUE (SPIRITUALITÉ ET SANTÉ MENTALE)
924;888791662RR0001;FONDATION DES SERVICES DE SANTÉ D'AYLMER (FSSA)
925;888813045RR0001;FONDATION RICHELIEU VERDUN
926;888843596RR0001;LES OEUVRES MARIE GERIN-LAJOIE INC
927;888929783RR0001;FONDATION DU CENTRE DE SANTÉ ET DE SERVICES SOCIAUX DE TROIS-RIVIÈRES
928;888943263RR0001;FONDATION SERCAN
929;888973393RR0001;INSTITUT SECULIER PIE X, ROBERVAL
930;888975190RR0001;FONDATION JEAN-MARIE BROCHU
931;888982790RR0001;FONDATION DE L'INSTITUT UNIVERSITAIRE DE GÉRONTOLOGIE DE MONTRÉAL
932;888988755RR0001;ORGANISATION DES ENFANTS DU FUTUR
933;889008835RR0001;FONDS DE BIENFAISANCE DU CLUB LION DE RIMOUSKI
934;889097911RR0001;FONDATION DU CENTRE DE READAPTATION LUCIE-BRUNEAU
935;889105557RR0001;LA FONDATION DES BONNES OEUVRES DU MOUVEMENT KODIAK
936;889119236RR0001;COMITE DES OEUVRES CHARITABLES DU CONSEIL ST-GEORGES-DE- BEAUCE NO. 2283
937;889137196RR0001;FONDATION DU CLUB ROTARY DE RIVIERE-DU-LOUP
938;889192860RR0001;FONDATION AU SEUIL DE L'HARMONIE
939;889246153RR0001;FONDATION DU CÉGEP DE SEPT-ÎLES
940;889253779RR0001;FONDATION DU PATRO DE CHARLESBOURG
941;889256913RR0001;FONDATION DU CÉGEP SAINT-JEAN-SUR-RICHELIEU
942;889262374RR0001;FONDATION DU COLLÈGE NOTRE-DAME À MONTRÉAL
943;889296570RR0001;FONDATION DU CENTRE D'INTERPRETATION DE L'INDUSTRIE DE SHAWINIGAN INC.
944;889317251RR0001;LES OEUVRES DES ABBES MARTEL ET MARCIL
945;889336442RR0001;COMMUNITY LEGAL SERVICES INC LES SERVICES JURIDIQUES COMMUNAUTAIRES INC
946;889367371RR0001;FONDATION QUÉBEC JEUNES
947;889369336RR0001;Conseil du Patrimoine Religieux du Québec / Québec ReligiousHeritage Council
948;889411773RR0001;MIRIAM HOME FOUNDATION
949;889438172RR0001;LA FONDATION MGR LEONCE BOUCHARD INC
950;889446175RR0001;ZONTA CLUB OF MONTREAL CHARITABLE TRUST
951;889461778RR0001;FONDATION LEVESQUE/CRAIGHEAD
952;889532065RR0001;FONDATION ALHAMBRA QUEBEC INC
953;889566972RR0001;LA FONDATION DES TALMUD TORAHS UNIS DE MONTREAL INC
954;889582227RR0001;EDUCATION FOUNDATION OF CHELSEA ELEMENTARY SCHOOL
955;889643995RR0001;BARRIE MEMORIAL HOSPITAL FOUNDATION
956;889715363RR0001;FONDATION PAROISSIALE DE LANDRIENNE
957;889751681RR0001;FONDATION L'ANNEAU-RAY
958;889762308RR0001;FONDATION RICHELIEU ST-JÉRÔME INC.
959;889794376RR0001;CAMP B'NAI BRITH OF MONTREAL FOUNDATION / FONDATION DU CAMP B'NAI BRITH DE MONTREAL
960;889842845RR0001;Fondation SOPAR-Bala Vikasa
961;889860995RR0001;Fondation les petits trésors
962;889862041RR0001;NHL FOUNDATION
963;889886040RR0001;FONDATION DE L'HOPITAL DE DOLBEAU INC
964;889907069RR0001;RECOURS DES SANS ABRI/HOMELESS RECOURSE
965;889911574RR0001;FONDATION FLORES
966;889938353RR0001;FONDATION DU CENTRE DE SANTÉ ET DE SERVICES SOCIAUX DU ROCHER-PERCÉ
967;889948667RR0001;FONDATION DE LA CLINIQUE DE READAPTATION DE QUEBEC, INC.
968;889957882RR0001;Fondation Projet Chance Inc.
969;890047921RR0001;"FONDATION ""LA MAISON NOTRE-DAME DU SAGUENAY"""
970;890091481RR0001;SHAARE ZEDEK SYNAGOGUE FOUNDATION
971;890102445RR0001;FONDATION DU CENTENAIRE DE L'ÉGLISE DE ST-COME BEAUCE
972;890133176RR0001;FONDATION DU MUSEE D'ARCHEOLOGIE ET D'HISTOIRE DE MONTREAL POINTE-A-CALLIERE
973;890147390RR0001;LE FONDS QUEBECOIS POUR LE DEVELOPPEMENT INTERNATIONAL
974;890164395RR0001;COMITE DES OEUVRES CHARITABLES DE L'ASSEMBLEE J ADRIAN CHABASSOL NO: 2252
975;890212178RR0001;LINDSAY MEMORIAL FOUNDATION
976;890322076RR0001;FONDATION RAYMOND BEAUDET INC.
977;890351778RR0001;FONDATION LA MOSAÏQUE
978;890409998RR0001;FONDATION DU COLLÈGE HÉRITAGE DE CHÂTEAUGUAY
979;890463862RR0001;FONDATION LE BON PILOTE
980;890519135RR0001;LA FONDATION DU CENTRE JEUNESSE DE L'ESTRIE INC.
981;890520851RR0001;LA FONDATION DU CÉGEP DE BAIE-COMEAU INC.
982;890549744RR0001;FONDATION VILLA IGNATIA INC.
983;890570062RR0001;FONDATION D'INSTITUT CANADIEN-POLONAIS DU BIEN-ETRE INC.
984;890606940RR0001;LES OEUVRES DU LAC-EN-COEUR
985;890614910RR0001;LES AMIS DE JEANNE-MANCE
986;890629942RR0001;FONDATION DU CAPT. J.E. BERNIER
987;890645195RR0001;LA FONDATION RICHELIEU DES TROIS-LACS
988;890664550RR0001;FONDATION CHAMPAGNAT INC
989;890746175RR0001;FONDATION HOREB (1993)
990;890753346RR0001;LA FONDATION CLAUDE JUTRA
991;890760754RR0001;FONDATION DU CSSS DE LA POINTE-DE-L'ILE
992;890776545RR0001;Fondation des évêques catholiques du Québec
993;890800188RR0001;CONCORDIA UNIVERSITY FOUNDATION FONDATION DE L'UNIVERSITE CONCORDIA
994;890848146RR0001;FONDATION PÈRE LINDSAY
995;890882244RR0001;Fondation du centre de santé et de services sociaux Lucille-Teasdale
996;890915598RR0001;FONDATION DU CÉGEP DE MATANE
997;890922396RR0001;FONDATION ALBERT ET MONIQUE BISSONNETTE POUR LA TERRE SAINTE
998;890934847RR0001;FONDATION DU CSSS DE SAINT-LÉONARD ET SAINT-MICHEL
999;890985245RR0001;LA FONDATION DE L'ECOLE BUISSONNIERE INC.
1000;890987340RR0001;Fondation de l'Ordre de Saint-Jean conseil du Québec / The Order of Saint-John Québec Council Foundation
1001;890987498RR0001;FONDATION MAISON EMMANUEL MAISON EMMANUEL FOUNDATION
1002;890991847RR0001;FONDATION DE LA CORPORATION DES SERVICES UNIVERSITAIRES EN CHAUDIÈRE-APPALACHES
1003;890999592RR0001;FONDATION DU PAVILLON FOSTER INC -FOSTER PAVILION FOUNDATION INC
1004;891010472RR0001;FONDATION DU CENTRE DE SANTÉ ET DE SERVICES SOCIAUX DE LA VIEILLE-CAPITALE
1005;891024523RR0001;FONDATION CÉGEP JOHN ABBOTT COLLÈGE / CEGEP JOHN ABBOTT COLLEGE
1006;891029845RR0001;Fondation les centres jeunesse de l'Outaouais
1007;891045288RR0001;FONDATION MARIE-LOUISE CLARAC
1008;891045593RR0001;CARREFOUR DES MOUVEMENTS D'ACTION CATHOLIQUE
1009;891052094RR0001;BRAIN CANADA FOUNDATION / FONDATION BRAIN CANADA
1010;891075749RR0001;LA FONDATION DU FOYER WALES/THE WALES HOME FOUNDATION
1011;891111197RR0001;FONDATION POUR LA PAROISSE ST-PAUL INC.
1012;891149783RR0001;THE LOWER CANADA COLLEGE FOUNDATION/LA FONDATION LOWER CANADA COLLEGE
1013;891166175RR0001;GUIGNOLEE SAINT YVES INC
1014;891202947RR0001;FONDATION DU COLLÈGE DE MAISONNEUVE
1015;891204547RR0001;FONDATION DU CARREFOUR DE LA SANTÉ ET DES SERVICES SOCIAUX DE MATAWINIE (CLSC - CHSLD)
1016;891217879RR0001;TEEN HAVEN FOUNDATION
1017;891226458RR0001;FONDATION MAISON DE LA FAMILLE LOTBINIERE INC.
1018;891240889RR0001;FONDATION DE LA POLYVALENTE DES ABENAQUIS
1019;891248833RR0001;FONDATION RÉVEIL INC.
1020;891290397RR0001;LA FONDATION CALDWELL
1021;891290967RR0001;ST BRIGIDS HOME FOUNDATION
1022;891370660RR0001;FONDATION MAURICE TANGUAY INC.
1023;891377541RR0001;LA FONDATION DE L'ORCHESTRE SYMPHONIQUE DES JEUNES DE MONTREAL (FOSJM) INC.
1024;891396483RR0001;THE RICHTER CHARITABLE FOUNDATION/LA FONDATION CHARITABLE RICHTER
1025;891397580RR0001;FONDATION ST-JEAN-VIANNEY
1026;891403545RR0001;LA FONDATION DES JUMELLES COUDÉ
1027;891463366RR0001;LA FONDATION LE FIL D'ARIANE
1028;891465593RR0001;FONDATION QUEBECOISE DU PATRIMOINE / HERITAGE QUEBEC FOUNDATION
1029;891507667RR0001;FONDATION QUEBEC-LABRADOR DU CANADA INC QUEBEC-LABRADOR FOUNDATION (CANADA) INC
1030;891543662RR0001;"FONDATION ""LES AMIS DE L'ECOLE STE-ANNE"""
1031;891547242RR0001;FONDATION JEAN-MARC LEBEAU
1032;891560393RR0001;FONDATION DU CSSS DE LA MONTAGNE
1033;891570244RR0001;KIWANIS CLUB OF ST. GEORGE FOUNDATION INC
1034;891605248RR0001;FONDATION CITÉ-JOIE
1035;891610883RR0001;FONDATION DE L'HÔPITAL ST-LAMBERT
1036;891649642RR0001;FONDATION COLLEGE ST-ALEXANDRE
1037;891753568RR0001;FONDATION DES AMIS ET DES ANCIENS DE L'EXTERNAT MONT-JESUS-MARIE
1038;891784043RR0001;FONDATION DES AMIS DU PAVOIS
1039;891824641RR0001;FONDATION RICHELIEU DE ST-BRUNO
1040;891840647RR0001;BISHOPS COLLEGE SCHOOL FOUNDATION
1041;891850166RR0001;FONDATION DE L'HÔPITAL MARIE-CLARAC
1042;891853152RR0001;LA FONDATION ECOLE AKIVA
1043;891941825RR0001;FONDATION DE LA SOCIETE DES MISSIONNAIRES DES SAINTS-APOTRES
1044;891975278RR0001;FONDATION QUEBEC DANS LE MONDE
1045;891993545RR0001;Fondation des Étoiles / Foundation of Stars
1046;891996704RR0001;LA FONDATION DE LA TABLEE POPULAIRE
1047;892013608RR0001;OLD BREWERY MISSION FOUNDATION
1048;892067778RR0001;Fondation de la Pointe-de-l'Île
1049;892193962RR0001;FONDATION ROBERT LUSSIER
1050;892213877RR0001;MIRADOR DES MARMOTS
1051;892273749RR0001;LA FONDATION DU COLLEGE QUEEN OF ANGELS / THE QUEEN OF ANGELS ACADEMY FOUNDATION
1052;892290560RR0001;ST PAUL'S LODGE NO 374 CHARITY TRUST
1053;892291659RR0001;"LA FONDATION ""LES HEBERGEMENTS DE L'ENVOL"""
1054;892327842RR0001;LA FONDATION PUBLIQUE DU CLUB DES FEMMES UNIVERSITAIRES DE MONTREAL-THE UNIVERSITY WOMEN'S CLUB OF MONTREAL PUBLIC FOUND
1055;892350042RR0001;FONDATION PAUL LEBOEUF
1056;892388950RR0001;FONDATION DE L'ECOLE NATIONALE DE CIRQUE /THE NATIONAL CIRCUS SCHOOL FOUNDATION
1057;892425166RR0001;THE AZRIELI FOUNDATION / LA FONDATION AZRIELI
1058;892425364RR0001;JEWISH HOSPITAL OF HOPE ELDERCARE FOUNDATION
1059;892436353RR0001;CONSEIL SUPERIEUR SAINT-JOSEPH INC
1060;892497744RR0001;WEST ISLAND COLLEGE FOUNDATION / LA FONDATION DU COLLEGE DE L'OUEST DE L'ILE
1061;892516360RR0001;LA FONDATION DU YWCA DE MONTREAL/YWCA FOUNDATION OF MONTREAL
1062;892556150RR0001;FONDATION 18-30 ANS INC.
1063;892566951RR0001;FONDATION DU COLLÈGE FRANÇOIS-XAVIER-GARNEAU
1064;892608332RR0001;FONDATION DE L'HOPITAL SAINTE-ANNE-DE-BEAUPRE INC.
1065;892610312RR0001;LA FONDATION DE L'ECOLE PETER HALL
1066;892670241RR0001;CITY HOUSE FOUNDATION-LA FONDATION CITY HOUSE
1067;892675844RR0001;FONDATION MANOIR WESTMOUNT/MANOIR WESTMOUNT FOUNDATION
1068;892683079RR0001;FONDATION DU CENTRE DE SANTÉ ET DE SERVICES SOCIAUX DU SUD DE LANAUDIÈRE
1069;892683285RR0001;FONDATION DU CÉGEP DE SAINT-JÉRÔME
1070;892685223RR0001;FONDATION MAISON ODETTE
1071;892700964RR0001;FONDATION CLSC-CHSLD LA SOURCE
1072;892747734RR0001;PARASPORT PLUS
1073;892774563RR0001;LE FONDS DE DÉVELOPPEMENT DE L'ÉCOLE RUDOLF STEINER DE MONTRÉAL/THE RUDOLF STEINER SCHOOL OF MONTRÉAL DEVELOPMENT FUND
1074;892872961RR0001;FONDATION MINORITÉ INVISIBLE
1075;892878356RR0001;FONDATION DU CLSC-CHSLD DES PATRIOTES
1076;892968371RR0001;FONDS HUMANITAIRE DE L'ASSOCIATION DES POLICIERS PROVINCIAUX DU QUÉBEC (A.P.P.Q.)
1077;893024166RR0001;FONDATION FEMMES ET LOIS
1078;893052241RR0001;L'OEUVRE DE ROSALIE CADRON-JETTE
1079;893057588RR0001;FONDATION DU CLUB KIWANIS SAINT-LAURENT DE MONTRÉAL INC.
1080;893160366RR0001;LA FONDATION VIN-ART INTERNATIONALE
1081;893191775RR0001;FONDS DE CHARITE DE LA COMMISSION SCOLAIRE DE MONTREAL
1082;893269456RR0001;BOURSE DU PERSONNEL P.P.G.O. (1989) INC.
1083;893283168RR0001;COMITE DES OEUVRES CHARITABLES DU CONSEIL SOREL NO: 1132
1084;893352765RR0001;FONDATION DE LA CATHEDRALE DE LA SAINTE-TRINITE/CATHEDRAL OF THE HOLY TRINITY FOUNDATION
1085;893353169RR0001;EMMANUEL PROTESTANT CHAPEL, BFC BAGOTVILLE
1086;893392969RR0001;COMITE DES OEUVRES CHARITABLES DU CONSEIL THETFORD MINES 2088
1087;893415786RR0001;FONDATION DE TECHNOLOGIE LAITIERE DU QUEBEC INC.
1088;893486027RR0001;LA FONDATION CHEZ CORA DEJEUNERS/CORA'S RESTAURANT FOUNDATION
1089;893568055RR0001;FONDATION DE L'ECOLE SECONDAIRE PRIVEE DE BAIE-COMEAU INC
1090;893754184RR0001;FONDATION LEBEL
1091;893950691RR0001;LACHUTE PROTESTANT CEMETERY CORPORATION
1092;893959056RR0001;CONSEIL SUPERIEUR SAINTE-MARIE INC.
1093;894083658RR0001;FONDATION DE LA MAISON MICHEL SARRAZIN
1094;894155498RR0001;CANADIAN CENTRE FOR ARCHITECTURE FOUNDATION/FONDATION DU CENTRE D'ARCHITECTURE
1095;894190891RR0001;FONDATION DU FESTIVAL DES FILMS DU MONDE
1096;894213743RR0001;LA FONDATION DES ARCHES DU QUEBEC
1097;894302025RR0001;FONDATION AUTISME LAURENTIDES
1098;894433275RR0001;FONDATION SANTÉ DE L'ARCHIPEL
1099;894457886RR0001;FONDATION DU BUREAU INTERNATIONAL DES DROITS DES ENFANTS
1100;894468594RR0003;SUMMIT SCHOOL FOUNDATION/FONDATION ÉCOLE LE SOMMET
1101;894529585RR0001;FONDATION DU CENTRE NORMAND LEVEILLE
1102;894717222RR0001;THE ELIZABETH HOUSE FOUNDATION/LA FONDATION MAISON ELIZABETH
1103;894725340RR0001;FONDATION DU MUSÉE DE LA MER
1104;894744036RR0001;THE JARISLOWSKY FOUNDATION/LA FONDATION JARISLOWSKY
1105;895029601RR0001;Fondation Maison Dauphine
1106;895198653RR0001;FONDATION DE L'HÉRITAGE CULTUREL AUTOCHTONE (F.H.C.A.)
1107;895280477RR0001;BROME-MISSISQUOI-PERKINS HOSPITAL FOUNDATION/FONDATION DE L'HOPITAL BROME-MISSISQUOI-PERKINS
1108;895436103RR0001;THE CANADIAN BREASTFEEDING FOUNDATION / LA FONDATION CANADIENNE DE L'ALLAITEMENT
1109;895560118RR0001;FONDATION ARMAND MARTEL
1110;895953602RR0001;SCJ CANADA FOUNDATION
1111;896174976RR0001;ROTARY CLUB OF VIEUX MONTREAL WELFARE FUND FONDS DE BIENFAISANCE DU CLUB ROTARY DE VIEUX MONTREAL
1112;896434941RR0001;LA FONDATION LOUISE-AMELIE INC.
1113;896444874RR0001;FONDATION MAISON VICTOR-GADBOIS
1114;896541455RR0001;FONDATION VICTOR CLOUTIER INC.
1115;896638400RR0001;FONDATION PNDA
1116;897302964RR0001;FONDATION DU CENTRE HOSPITALIER UNIVERSITAIRE DE SHERBROOKE INC.
1117;897426334RR0001;Fondation Espace pour la vie
1118;897548996RR0001;BBB FOUNDATION/FONDATION BBB
1119;897642146RR0001;FONDATION DU CENTRE HOSPITALIER DES LAURENTIDES ET CENTRE D'ACCUEIL ET DE READAPTATION DES HAUTES-VALLEES (CHDL/CARH-V)
1120;897960449RR0001;FONDATION LOISIR CÔTE-NORD
1121;898067640RR0001;LA FONDATION DE L'ECOLE ESTHER-BLONDIN
1122;898125448RR0002;MAIMONIDES MEDICAL RESEARCH FOUNDATION/FONDATION DE RECHERCHE MEDICALE MAIMONIDES
1123;898217849RR0001;LA FONDATION DU COLLÈGE MONT-SAINT-LOUIS
1124;898255591RR0001;Fondation des Instituts Juifs Orthodoxes
1125;898291000RR0001;FONDATION SAINTE-PHILOMENE DE MONTCERF-LYTTON INC.
1126;898394572RR0001;LA FONDATION QUEBECOISE DE L'EPILEPSIE
1127;898629944RR0001;FONDATION DU CENTRE JEUNESSE DU BAS-SAINT-LAURENT
1128;898914445RR0001;FONDATION DE LA SANTÉ DE RIVIÈRE-DU-LOUP
1129;898973318RR0001;FONDATION LE TREMPLIN DE DRUMMOND
1130;899082838RR0001;FONDATION DES AMIS DU JEFFERY HALE / JEFFERY HALE FRIENDS FOUNDATION
1131;899119382RR0001;FONDATION QUEBECOISE POUR LA SANTE VISUELLE
1132;899146542RR0001;FONDATION DE LA SANTÉ DU TÉMISCOUATA
1133;899267546RR0001;Fondation québécoise de la recherche sur l'environnement
1134;899357149RR0001;THE BLACK WATCH OF CANADA FOUNDATION/ LA FONDATION BLACK WATCH DU CANADA
1135;899494843RR0001;Fondation Neurotrauma Marie-Robert / Marie-Robert Neurotrauma Foundation
1136;899497945RR0001;FONDATION VILLA ANNA DU COLLEGE SAINTE-ANNE INC.
1137;899791347RR0001;FONDATION GREGOIRE/VILLA MEDICA INC
1138;899940613RR0001;FONDATION SAINT-PIERRE
